"V1","V2","V3","V4","V5","V6","V7","V8","V9","V10","V11","V12","V13","V14","V15","V16","V17","V18","V19","V20","V21","V22","V23","V24","V25","V26","V27","V28","V29","V30","V31","V32","V33","V34","V35","V36","V37","V38","V39","V40","V41","V42","V43","V44","V45","V46","V47","V48","V49","V50","V51","V52","V53","V54","V55","V56","V57","V58","V59","V60","V61","V62","V63","V64","V65","V66","V67","V68","V69","V70","V71","V72","V73","V74","V75","V76","V77","V78","V79","V80","V81","V82","V83","V84","V85","V86","V87","V88","V89","V90","V91","V92","V93","V94","V95","V96","V97","V98","V99","V100","V101"
1.313172,1.313172,1.313172,1.313172,1.313172,0.580264,0.580264,0.580264,0.580264,0.580264,0.409908,0.409908,0.409908,0.409908,0.409908,0.518716,0.518716,0.518716,0.518716,0.518716,0.58742,0.58742,0.58742,0.58742,0.58742,0.4418,0.4418,0.4418,0.4418,0.4418,0.361736,0.361736,0.361736,0.361736,0.361736,0.213184,0.213184,0.213184,0.213184,0.213184,0.167432,0.167432,0.167432,0.167432,0.167432,1.034112,1.034112,1.034112,1.034112,1.034112,0.166764,0.166764,0.166764,0.166764,0.166764,0.163732,0.163732,0.163732,0.163732,0.163732,0.107116,0.107116,0.107116,0.107116,0.107116,0.082888,0.082888,0.082888,0.082888,0.082888,0.061688,0.061688,0.061688,0.061688,0.061688,0.056032,0.056032,0.056032,0.056032,0.056032,0.056032,0.056032,0.056032,0.056032,0.056032,0.056032,0.056032,0.056032,0.056032,0.056032,0.056032,0.056032,0.056032,0.056032,0.056032,0.056032,0.056032,0.056032,0.056032,0.056032,0.056032
1.313172,1.313172,1.313172,1.313172,1.313172,0.580264,0.580264,0.580264,0.580264,0.580264,0.409908,0.409908,0.409908,0.409908,0.409908,0.518716,0.518716,0.518716,0.518716,0.518716,0.58742,0.58742,0.58742,0.58742,0.58742,0.4418,0.4418,0.4418,0.4418,0.4418,0.361736,0.361736,0.361736,0.361736,0.361736,0.213184,0.213184,0.213184,0.213184,0.213184,0.167432,0.167432,0.167432,0.167432,0.167432,1.034112,1.034112,1.034112,1.034112,1.034112,0.166764,0.166764,0.166764,0.166764,0.166764,0.163732,0.163732,0.163732,0.163732,0.163732,0.107116,0.107116,0.107116,0.107116,0.107116,0.082888,0.082888,0.082888,0.082888,0.082888,0.061688,0.061688,0.061688,0.061688,0.061688,0.056032,0.056032,0.056032,0.056032,0.056032,0.056032,0.056032,0.056032,0.056032,0.056032,0.056032,0.056032,0.056032,0.056032,0.056032,0.056032,0.056032,0.056032,0.056032,0.056032,0.056032,0.056032,0.056032,0.056032,0.056032,0.056032
1.313172,1.313172,1.313172,1.313172,1.313172,0.580264,0.580264,0.580264,0.580264,0.580264,0.409908,0.409908,0.409908,0.409908,0.409908,0.518716,0.518716,0.518716,0.518716,0.518716,0.58742,0.58742,0.58742,0.58742,0.58742,0.4418,0.4418,0.4418,0.4418,0.4418,0.361736,0.361736,0.361736,0.361736,0.361736,0.213184,0.213184,0.213184,0.213184,0.213184,0.167432,0.167432,0.167432,0.167432,0.167432,1.034112,1.034112,1.034112,1.034112,1.034112,0.166764,0.166764,0.166764,0.166764,0.166764,0.163732,0.163732,0.163732,0.163732,0.163732,0.107116,0.107116,0.107116,0.107116,0.107116,0.082888,0.082888,0.082888,0.082888,0.082888,0.061688,0.061688,0.061688,0.061688,0.061688,0.056032,0.056032,0.056032,0.056032,0.056032,0.056032,0.056032,0.056032,0.056032,0.056032,0.056032,0.056032,0.056032,0.056032,0.056032,0.056032,0.056032,0.056032,0.056032,0.056032,0.056032,0.056032,0.056032,0.056032,0.056032,0.056032
1.313172,1.313172,1.313172,1.313172,1.313172,0.580264,0.580264,0.580264,0.580264,0.580264,0.409908,0.409908,0.409908,0.409908,0.409908,0.518716,0.518716,0.518716,0.518716,0.518716,0.58742,0.58742,0.58742,0.58742,0.58742,0.4418,0.4418,0.4418,0.4418,0.4418,0.361736,0.361736,0.361736,0.361736,0.361736,0.213184,0.213184,0.213184,0.213184,0.213184,0.167432,0.167432,0.167432,0.167432,0.167432,1.034112,1.034112,1.034112,1.034112,1.034112,0.166764,0.166764,0.166764,0.166764,0.166764,0.163732,0.163732,0.163732,0.163732,0.163732,0.107116,0.107116,0.107116,0.107116,0.107116,0.082888,0.082888,0.082888,0.082888,0.082888,0.061688,0.061688,0.061688,0.061688,0.061688,0.056032,0.056032,0.056032,0.056032,0.056032,0.056032,0.056032,0.056032,0.056032,0.056032,0.056032,0.056032,0.056032,0.056032,0.056032,0.056032,0.056032,0.056032,0.056032,0.056032,0.056032,0.056032,0.056032,0.056032,0.056032,0.056032
1.313172,1.313172,1.313172,1.313172,1.313172,0.580264,0.580264,0.580264,0.580264,0.580264,0.409908,0.409908,0.409908,0.409908,0.409908,0.518716,0.518716,0.518716,0.518716,0.518716,0.58742,0.58742,0.58742,0.58742,0.58742,0.4418,0.4418,0.4418,0.4418,0.4418,0.361736,0.361736,0.361736,0.361736,0.361736,0.213184,0.213184,0.213184,0.213184,0.213184,0.167432,0.167432,0.167432,0.167432,0.167432,1.034112,1.034112,1.034112,1.034112,1.034112,0.166764,0.166764,0.166764,0.166764,0.166764,0.163732,0.163732,0.163732,0.163732,0.163732,0.107116,0.107116,0.107116,0.107116,0.107116,0.082888,0.082888,0.082888,0.082888,0.082888,0.061688,0.061688,0.061688,0.061688,0.061688,0.056032,0.056032,0.056032,0.056032,0.056032,0.056032,0.056032,0.056032,0.056032,0.056032,0.056032,0.056032,0.056032,0.056032,0.056032,0.056032,0.056032,0.056032,0.056032,0.056032,0.056032,0.056032,0.056032,0.056032,0.056032,0.056032
1.0122,1.0122,1.0122,1.0122,1.0122,1.044664,1.044664,1.044664,1.044664,1.044664,0.491508,0.491508,0.491508,0.491508,0.491508,0.270796,0.270796,0.270796,0.270796,0.270796,0.505208,0.505208,0.505208,0.505208,0.505208,0.465748,0.465748,0.465748,0.465748,0.465748,0.43694,0.43694,0.43694,0.43694,0.43694,0.32104,0.32104,0.32104,0.32104,0.32104,0.210336,0.210336,0.210336,0.210336,0.210336,2.893612,2.893612,2.893612,2.893612,2.893612,0.1647,0.1647,0.1647,0.1647,0.1647,0.151408,0.151408,0.151408,0.151408,0.151408,0.113348,0.113348,0.113348,0.113348,0.113348,0.084048,0.084048,0.084048,0.084048,0.084048,0.062024,0.062024,0.062024,0.062024,0.062024,0.0559,0.0559,0.0559,0.0559,0.0559,0.0559,0.0559,0.0559,0.0559,0.0559,0.0559,0.0559,0.0559,0.0559,0.0559,0.0559,0.0559,0.0559,0.0559,0.0559,0.0559,0.0559,0.0559,0.0559,0.0559,0.0559
1.0122,1.0122,1.0122,1.0122,1.0122,1.044664,1.044664,1.044664,1.044664,1.044664,0.491508,0.491508,0.491508,0.491508,0.491508,0.270796,0.270796,0.270796,0.270796,0.270796,0.505208,0.505208,0.505208,0.505208,0.505208,0.465748,0.465748,0.465748,0.465748,0.465748,0.43694,0.43694,0.43694,0.43694,0.43694,0.32104,0.32104,0.32104,0.32104,0.32104,0.210336,0.210336,0.210336,0.210336,0.210336,2.893612,2.893612,2.893612,2.893612,2.893612,0.1647,0.1647,0.1647,0.1647,0.1647,0.151408,0.151408,0.151408,0.151408,0.151408,0.113348,0.113348,0.113348,0.113348,0.113348,0.084048,0.084048,0.084048,0.084048,0.084048,0.062024,0.062024,0.062024,0.062024,0.062024,0.0559,0.0559,0.0559,0.0559,0.0559,0.0559,0.0559,0.0559,0.0559,0.0559,0.0559,0.0559,0.0559,0.0559,0.0559,0.0559,0.0559,0.0559,0.0559,0.0559,0.0559,0.0559,0.0559,0.0559,0.0559,0.0559
1.0122,1.0122,1.0122,1.0122,1.0122,1.044664,1.044664,1.044664,1.044664,1.044664,0.491508,0.491508,0.491508,0.491508,0.491508,0.270796,0.270796,0.270796,0.270796,0.270796,0.505208,0.505208,0.505208,0.505208,0.505208,0.465748,0.465748,0.465748,0.465748,0.465748,0.43694,0.43694,0.43694,0.43694,0.43694,0.32104,0.32104,0.32104,0.32104,0.32104,0.210336,0.210336,0.210336,0.210336,0.210336,2.893612,2.893612,2.893612,2.893612,2.893612,0.1647,0.1647,0.1647,0.1647,0.1647,0.151408,0.151408,0.151408,0.151408,0.151408,0.113348,0.113348,0.113348,0.113348,0.113348,0.084048,0.084048,0.084048,0.084048,0.084048,0.062024,0.062024,0.062024,0.062024,0.062024,0.0559,0.0559,0.0559,0.0559,0.0559,0.0559,0.0559,0.0559,0.0559,0.0559,0.0559,0.0559,0.0559,0.0559,0.0559,0.0559,0.0559,0.0559,0.0559,0.0559,0.0559,0.0559,0.0559,0.0559,0.0559,0.0559
1.0122,1.0122,1.0122,1.0122,1.0122,1.044664,1.044664,1.044664,1.044664,1.044664,0.491508,0.491508,0.491508,0.491508,0.491508,0.270796,0.270796,0.270796,0.270796,0.270796,0.505208,0.505208,0.505208,0.505208,0.505208,0.465748,0.465748,0.465748,0.465748,0.465748,0.43694,0.43694,0.43694,0.43694,0.43694,0.32104,0.32104,0.32104,0.32104,0.32104,0.210336,0.210336,0.210336,0.210336,0.210336,2.893612,2.893612,2.893612,2.893612,2.893612,0.1647,0.1647,0.1647,0.1647,0.1647,0.151408,0.151408,0.151408,0.151408,0.151408,0.113348,0.113348,0.113348,0.113348,0.113348,0.084048,0.084048,0.084048,0.084048,0.084048,0.062024,0.062024,0.062024,0.062024,0.062024,0.0559,0.0559,0.0559,0.0559,0.0559,0.0559,0.0559,0.0559,0.0559,0.0559,0.0559,0.0559,0.0559,0.0559,0.0559,0.0559,0.0559,0.0559,0.0559,0.0559,0.0559,0.0559,0.0559,0.0559,0.0559,0.0559
1.0122,1.0122,1.0122,1.0122,1.0122,1.044664,1.044664,1.044664,1.044664,1.044664,0.491508,0.491508,0.491508,0.491508,0.491508,0.270796,0.270796,0.270796,0.270796,0.270796,0.505208,0.505208,0.505208,0.505208,0.505208,0.465748,0.465748,0.465748,0.465748,0.465748,0.43694,0.43694,0.43694,0.43694,0.43694,0.32104,0.32104,0.32104,0.32104,0.32104,0.210336,0.210336,0.210336,0.210336,0.210336,2.893612,2.893612,2.893612,2.893612,2.893612,0.1647,0.1647,0.1647,0.1647,0.1647,0.151408,0.151408,0.151408,0.151408,0.151408,0.113348,0.113348,0.113348,0.113348,0.113348,0.084048,0.084048,0.084048,0.084048,0.084048,0.062024,0.062024,0.062024,0.062024,0.062024,0.0559,0.0559,0.0559,0.0559,0.0559,0.0559,0.0559,0.0559,0.0559,0.0559,0.0559,0.0559,0.0559,0.0559,0.0559,0.0559,0.0559,0.0559,0.0559,0.0559,0.0559,0.0559,0.0559,0.0559,0.0559,0.0559
0.48078,0.48078,0.48078,0.48078,0.48078,4.376196,4.376196,4.376196,4.376196,4.376196,0.83226,0.83226,0.83226,0.83226,0.83226,0.351152,0.351152,0.351152,0.351152,0.351152,0.298128,0.298128,0.298128,0.298128,0.298128,0.311996,0.311996,0.311996,0.311996,0.311996,0.404832,0.404832,0.404832,0.404832,0.404832,0.345024,0.345024,0.345024,0.345024,0.345024,0.248192,0.248192,0.248192,0.248192,0.248192,1.56388,1.56388,1.56388,1.56388,1.56388,0.168164,0.168164,0.168164,0.168164,0.168164,0.121336,0.121336,0.121336,0.121336,0.121336,0.086816,0.086816,0.086816,0.086816,0.086816,0.075924,0.075924,0.075924,0.075924,0.075924,0.062128,0.062128,0.062128,0.062128,0.062128,0.056784,0.056784,0.056784,0.056784,0.056784,0.056784,0.056784,0.056784,0.056784,0.056784,0.056784,0.056784,0.056784,0.056784,0.056784,0.056784,0.056784,0.056784,0.056784,0.056784,0.056784,0.056784,0.056784,0.056784,0.056784,0.056784
0.48078,0.48078,0.48078,0.48078,0.48078,4.376196,4.376196,4.376196,4.376196,4.376196,0.83226,0.83226,0.83226,0.83226,0.83226,0.351152,0.351152,0.351152,0.351152,0.351152,0.298128,0.298128,0.298128,0.298128,0.298128,0.311996,0.311996,0.311996,0.311996,0.311996,0.404832,0.404832,0.404832,0.404832,0.404832,0.345024,0.345024,0.345024,0.345024,0.345024,0.248192,0.248192,0.248192,0.248192,0.248192,1.56388,1.56388,1.56388,1.56388,1.56388,0.168164,0.168164,0.168164,0.168164,0.168164,0.121336,0.121336,0.121336,0.121336,0.121336,0.086816,0.086816,0.086816,0.086816,0.086816,0.075924,0.075924,0.075924,0.075924,0.075924,0.062128,0.062128,0.062128,0.062128,0.062128,0.056784,0.056784,0.056784,0.056784,0.056784,0.056784,0.056784,0.056784,0.056784,0.056784,0.056784,0.056784,0.056784,0.056784,0.056784,0.056784,0.056784,0.056784,0.056784,0.056784,0.056784,0.056784,0.056784,0.056784,0.056784,0.056784
0.48078,0.48078,0.48078,0.48078,0.48078,4.376196,4.376196,4.376196,4.376196,4.376196,0.83226,0.83226,0.83226,0.83226,0.83226,0.351152,0.351152,0.351152,0.351152,0.351152,0.298128,0.298128,0.298128,0.298128,0.298128,0.311996,0.311996,0.311996,0.311996,0.311996,0.404832,0.404832,0.404832,0.404832,0.404832,0.345024,0.345024,0.345024,0.345024,0.345024,0.248192,0.248192,0.248192,0.248192,0.248192,1.56388,1.56388,1.56388,1.56388,1.56388,0.168164,0.168164,0.168164,0.168164,0.168164,0.121336,0.121336,0.121336,0.121336,0.121336,0.086816,0.086816,0.086816,0.086816,0.086816,0.075924,0.075924,0.075924,0.075924,0.075924,0.062128,0.062128,0.062128,0.062128,0.062128,0.056784,0.056784,0.056784,0.056784,0.056784,0.056784,0.056784,0.056784,0.056784,0.056784,0.056784,0.056784,0.056784,0.056784,0.056784,0.056784,0.056784,0.056784,0.056784,0.056784,0.056784,0.056784,0.056784,0.056784,0.056784,0.056784
0.48078,0.48078,0.48078,0.48078,0.48078,4.376196,4.376196,4.376196,4.376196,4.376196,0.83226,0.83226,0.83226,0.83226,0.83226,0.351152,0.351152,0.351152,0.351152,0.351152,0.298128,0.298128,0.298128,0.298128,0.298128,0.311996,0.311996,0.311996,0.311996,0.311996,0.404832,0.404832,0.404832,0.404832,0.404832,0.345024,0.345024,0.345024,0.345024,0.345024,0.248192,0.248192,0.248192,0.248192,0.248192,1.56388,1.56388,1.56388,1.56388,1.56388,0.168164,0.168164,0.168164,0.168164,0.168164,0.121336,0.121336,0.121336,0.121336,0.121336,0.086816,0.086816,0.086816,0.086816,0.086816,0.075924,0.075924,0.075924,0.075924,0.075924,0.062128,0.062128,0.062128,0.062128,0.062128,0.056784,0.056784,0.056784,0.056784,0.056784,0.056784,0.056784,0.056784,0.056784,0.056784,0.056784,0.056784,0.056784,0.056784,0.056784,0.056784,0.056784,0.056784,0.056784,0.056784,0.056784,0.056784,0.056784,0.056784,0.056784,0.056784
0.48078,0.48078,0.48078,0.48078,0.48078,4.376196,4.376196,4.376196,4.376196,4.376196,0.83226,0.83226,0.83226,0.83226,0.83226,0.351152,0.351152,0.351152,0.351152,0.351152,0.298128,0.298128,0.298128,0.298128,0.298128,0.311996,0.311996,0.311996,0.311996,0.311996,0.404832,0.404832,0.404832,0.404832,0.404832,0.345024,0.345024,0.345024,0.345024,0.345024,0.248192,0.248192,0.248192,0.248192,0.248192,1.56388,1.56388,1.56388,1.56388,1.56388,0.168164,0.168164,0.168164,0.168164,0.168164,0.121336,0.121336,0.121336,0.121336,0.121336,0.086816,0.086816,0.086816,0.086816,0.086816,0.075924,0.075924,0.075924,0.075924,0.075924,0.062128,0.062128,0.062128,0.062128,0.062128,0.056784,0.056784,0.056784,0.056784,0.056784,0.056784,0.056784,0.056784,0.056784,0.056784,0.056784,0.056784,0.056784,0.056784,0.056784,0.056784,0.056784,0.056784,0.056784,0.056784,0.056784,0.056784,0.056784,0.056784,0.056784,0.056784
0.339924,0.339924,0.339924,0.339924,0.339924,1.742692,1.742692,1.742692,1.742692,1.742692,4.107504,4.107504,4.107504,4.107504,4.107504,0.837444,0.837444,0.837444,0.837444,0.837444,0.37562,0.37562,0.37562,0.37562,0.37562,0.222432,0.222432,0.222432,0.222432,0.222432,0.339176,0.339176,0.339176,0.339176,0.339176,0.303868,0.303868,0.303868,0.303868,0.303868,0.286544,0.286544,0.286544,0.286544,0.286544,0.614784,0.614784,0.614784,0.614784,0.614784,0.191176,0.191176,0.191176,0.191176,0.191176,0.127076,0.127076,0.127076,0.127076,0.127076,0.088184,0.088184,0.088184,0.088184,0.088184,0.071804,0.071804,0.071804,0.071804,0.071804,0.058156,0.058156,0.058156,0.058156,0.058156,0.0541,0.0541,0.0541,0.0541,0.0541,0.0541,0.0541,0.0541,0.0541,0.0541,0.0541,0.0541,0.0541,0.0541,0.0541,0.0541,0.0541,0.0541,0.0541,0.0541,0.0541,0.0541,0.0541,0.0541,0.0541,0.0541
0.339924,0.339924,0.339924,0.339924,0.339924,1.742692,1.742692,1.742692,1.742692,1.742692,4.107504,4.107504,4.107504,4.107504,4.107504,0.837444,0.837444,0.837444,0.837444,0.837444,0.37562,0.37562,0.37562,0.37562,0.37562,0.222432,0.222432,0.222432,0.222432,0.222432,0.339176,0.339176,0.339176,0.339176,0.339176,0.303868,0.303868,0.303868,0.303868,0.303868,0.286544,0.286544,0.286544,0.286544,0.286544,0.614784,0.614784,0.614784,0.614784,0.614784,0.191176,0.191176,0.191176,0.191176,0.191176,0.127076,0.127076,0.127076,0.127076,0.127076,0.088184,0.088184,0.088184,0.088184,0.088184,0.071804,0.071804,0.071804,0.071804,0.071804,0.058156,0.058156,0.058156,0.058156,0.058156,0.0541,0.0541,0.0541,0.0541,0.0541,0.0541,0.0541,0.0541,0.0541,0.0541,0.0541,0.0541,0.0541,0.0541,0.0541,0.0541,0.0541,0.0541,0.0541,0.0541,0.0541,0.0541,0.0541,0.0541,0.0541,0.0541
0.339924,0.339924,0.339924,0.339924,0.339924,1.742692,1.742692,1.742692,1.742692,1.742692,4.107504,4.107504,4.107504,4.107504,4.107504,0.837444,0.837444,0.837444,0.837444,0.837444,0.37562,0.37562,0.37562,0.37562,0.37562,0.222432,0.222432,0.222432,0.222432,0.222432,0.339176,0.339176,0.339176,0.339176,0.339176,0.303868,0.303868,0.303868,0.303868,0.303868,0.286544,0.286544,0.286544,0.286544,0.286544,0.614784,0.614784,0.614784,0.614784,0.614784,0.191176,0.191176,0.191176,0.191176,0.191176,0.127076,0.127076,0.127076,0.127076,0.127076,0.088184,0.088184,0.088184,0.088184,0.088184,0.071804,0.071804,0.071804,0.071804,0.071804,0.058156,0.058156,0.058156,0.058156,0.058156,0.0541,0.0541,0.0541,0.0541,0.0541,0.0541,0.0541,0.0541,0.0541,0.0541,0.0541,0.0541,0.0541,0.0541,0.0541,0.0541,0.0541,0.0541,0.0541,0.0541,0.0541,0.0541,0.0541,0.0541,0.0541,0.0541
0.339924,0.339924,0.339924,0.339924,0.339924,1.742692,1.742692,1.742692,1.742692,1.742692,4.107504,4.107504,4.107504,4.107504,4.107504,0.837444,0.837444,0.837444,0.837444,0.837444,0.37562,0.37562,0.37562,0.37562,0.37562,0.222432,0.222432,0.222432,0.222432,0.222432,0.339176,0.339176,0.339176,0.339176,0.339176,0.303868,0.303868,0.303868,0.303868,0.303868,0.286544,0.286544,0.286544,0.286544,0.286544,0.614784,0.614784,0.614784,0.614784,0.614784,0.191176,0.191176,0.191176,0.191176,0.191176,0.127076,0.127076,0.127076,0.127076,0.127076,0.088184,0.088184,0.088184,0.088184,0.088184,0.071804,0.071804,0.071804,0.071804,0.071804,0.058156,0.058156,0.058156,0.058156,0.058156,0.0541,0.0541,0.0541,0.0541,0.0541,0.0541,0.0541,0.0541,0.0541,0.0541,0.0541,0.0541,0.0541,0.0541,0.0541,0.0541,0.0541,0.0541,0.0541,0.0541,0.0541,0.0541,0.0541,0.0541,0.0541,0.0541
0.339924,0.339924,0.339924,0.339924,0.339924,1.742692,1.742692,1.742692,1.742692,1.742692,4.107504,4.107504,4.107504,4.107504,4.107504,0.837444,0.837444,0.837444,0.837444,0.837444,0.37562,0.37562,0.37562,0.37562,0.37562,0.222432,0.222432,0.222432,0.222432,0.222432,0.339176,0.339176,0.339176,0.339176,0.339176,0.303868,0.303868,0.303868,0.303868,0.303868,0.286544,0.286544,0.286544,0.286544,0.286544,0.614784,0.614784,0.614784,0.614784,0.614784,0.191176,0.191176,0.191176,0.191176,0.191176,0.127076,0.127076,0.127076,0.127076,0.127076,0.088184,0.088184,0.088184,0.088184,0.088184,0.071804,0.071804,0.071804,0.071804,0.071804,0.058156,0.058156,0.058156,0.058156,0.058156,0.0541,0.0541,0.0541,0.0541,0.0541,0.0541,0.0541,0.0541,0.0541,0.0541,0.0541,0.0541,0.0541,0.0541,0.0541,0.0541,0.0541,0.0541,0.0541,0.0541,0.0541,0.0541,0.0541,0.0541,0.0541,0.0541
0.474956,0.474956,0.474956,0.474956,0.474956,0.401852,0.401852,0.401852,0.401852,0.401852,1.553612,1.553612,1.553612,1.553612,1.553612,1.726764,1.726764,1.726764,1.726764,1.726764,0.775292,0.775292,0.775292,0.775292,0.775292,0.347648,0.347648,0.347648,0.347648,0.347648,0.253616,0.253616,0.253616,0.253616,0.253616,0.233908,0.233908,0.233908,0.233908,0.233908,0.268704,0.268704,0.268704,0.268704,0.268704,0.385568,0.385568,0.385568,0.385568,0.385568,0.194068,0.194068,0.194068,0.194068,0.194068,0.146092,0.146092,0.146092,0.146092,0.146092,0.091632,0.091632,0.091632,0.091632,0.091632,0.068584,0.068584,0.068584,0.068584,0.068584,0.066536,0.066536,0.066536,0.066536,0.066536,0.057352,0.057352,0.057352,0.057352,0.057352,0.057352,0.057352,0.057352,0.057352,0.057352,0.057352,0.057352,0.057352,0.057352,0.057352,0.057352,0.057352,0.057352,0.057352,0.057352,0.057352,0.057352,0.057352,0.057352,0.057352,0.057352
0.474956,0.474956,0.474956,0.474956,0.474956,0.401852,0.401852,0.401852,0.401852,0.401852,1.553612,1.553612,1.553612,1.553612,1.553612,1.726764,1.726764,1.726764,1.726764,1.726764,0.775292,0.775292,0.775292,0.775292,0.775292,0.347648,0.347648,0.347648,0.347648,0.347648,0.253616,0.253616,0.253616,0.253616,0.253616,0.233908,0.233908,0.233908,0.233908,0.233908,0.268704,0.268704,0.268704,0.268704,0.268704,0.385568,0.385568,0.385568,0.385568,0.385568,0.194068,0.194068,0.194068,0.194068,0.194068,0.146092,0.146092,0.146092,0.146092,0.146092,0.091632,0.091632,0.091632,0.091632,0.091632,0.068584,0.068584,0.068584,0.068584,0.068584,0.066536,0.066536,0.066536,0.066536,0.066536,0.057352,0.057352,0.057352,0.057352,0.057352,0.057352,0.057352,0.057352,0.057352,0.057352,0.057352,0.057352,0.057352,0.057352,0.057352,0.057352,0.057352,0.057352,0.057352,0.057352,0.057352,0.057352,0.057352,0.057352,0.057352,0.057352
0.474956,0.474956,0.474956,0.474956,0.474956,0.401852,0.401852,0.401852,0.401852,0.401852,1.553612,1.553612,1.553612,1.553612,1.553612,1.726764,1.726764,1.726764,1.726764,1.726764,0.775292,0.775292,0.775292,0.775292,0.775292,0.347648,0.347648,0.347648,0.347648,0.347648,0.253616,0.253616,0.253616,0.253616,0.253616,0.233908,0.233908,0.233908,0.233908,0.233908,0.268704,0.268704,0.268704,0.268704,0.268704,0.385568,0.385568,0.385568,0.385568,0.385568,0.194068,0.194068,0.194068,0.194068,0.194068,0.146092,0.146092,0.146092,0.146092,0.146092,0.091632,0.091632,0.091632,0.091632,0.091632,0.068584,0.068584,0.068584,0.068584,0.068584,0.066536,0.066536,0.066536,0.066536,0.066536,0.057352,0.057352,0.057352,0.057352,0.057352,0.057352,0.057352,0.057352,0.057352,0.057352,0.057352,0.057352,0.057352,0.057352,0.057352,0.057352,0.057352,0.057352,0.057352,0.057352,0.057352,0.057352,0.057352,0.057352,0.057352,0.057352
0.474956,0.474956,0.474956,0.474956,0.474956,0.401852,0.401852,0.401852,0.401852,0.401852,1.553612,1.553612,1.553612,1.553612,1.553612,1.726764,1.726764,1.726764,1.726764,1.726764,0.775292,0.775292,0.775292,0.775292,0.775292,0.347648,0.347648,0.347648,0.347648,0.347648,0.253616,0.253616,0.253616,0.253616,0.253616,0.233908,0.233908,0.233908,0.233908,0.233908,0.268704,0.268704,0.268704,0.268704,0.268704,0.385568,0.385568,0.385568,0.385568,0.385568,0.194068,0.194068,0.194068,0.194068,0.194068,0.146092,0.146092,0.146092,0.146092,0.146092,0.091632,0.091632,0.091632,0.091632,0.091632,0.068584,0.068584,0.068584,0.068584,0.068584,0.066536,0.066536,0.066536,0.066536,0.066536,0.057352,0.057352,0.057352,0.057352,0.057352,0.057352,0.057352,0.057352,0.057352,0.057352,0.057352,0.057352,0.057352,0.057352,0.057352,0.057352,0.057352,0.057352,0.057352,0.057352,0.057352,0.057352,0.057352,0.057352,0.057352,0.057352
0.474956,0.474956,0.474956,0.474956,0.474956,0.401852,0.401852,0.401852,0.401852,0.401852,1.553612,1.553612,1.553612,1.553612,1.553612,1.726764,1.726764,1.726764,1.726764,1.726764,0.775292,0.775292,0.775292,0.775292,0.775292,0.347648,0.347648,0.347648,0.347648,0.347648,0.253616,0.253616,0.253616,0.253616,0.253616,0.233908,0.233908,0.233908,0.233908,0.233908,0.268704,0.268704,0.268704,0.268704,0.268704,0.385568,0.385568,0.385568,0.385568,0.385568,0.194068,0.194068,0.194068,0.194068,0.194068,0.146092,0.146092,0.146092,0.146092,0.146092,0.091632,0.091632,0.091632,0.091632,0.091632,0.068584,0.068584,0.068584,0.068584,0.068584,0.066536,0.066536,0.066536,0.066536,0.066536,0.057352,0.057352,0.057352,0.057352,0.057352,0.057352,0.057352,0.057352,0.057352,0.057352,0.057352,0.057352,0.057352,0.057352,0.057352,0.057352,0.057352,0.057352,0.057352,0.057352,0.057352,0.057352,0.057352,0.057352,0.057352,0.057352
0.853144,0.853144,0.853144,0.853144,0.853144,0.259504,0.259504,0.259504,0.259504,0.259504,0.602748,0.602748,0.602748,0.602748,0.602748,1.10642,1.10642,1.10642,1.10642,1.10642,1.088856,1.088856,1.088856,1.088856,1.088856,0.5885,0.5885,0.5885,0.5885,0.5885,0.382364,0.382364,0.382364,0.382364,0.382364,0.287972,0.287972,0.287972,0.287972,0.287972,0.269576,0.269576,0.269576,0.269576,0.269576,0.46768,0.46768,0.46768,0.46768,0.46768,0.269984,0.269984,0.269984,0.269984,0.269984,0.182704,0.182704,0.182704,0.182704,0.182704,0.124108,0.124108,0.124108,0.124108,0.124108,0.085192,0.085192,0.085192,0.085192,0.085192,0.066076,0.066076,0.066076,0.066076,0.066076,0.057176,0.057176,0.057176,0.057176,0.057176,0.057176,0.057176,0.057176,0.057176,0.057176,0.057176,0.057176,0.057176,0.057176,0.057176,0.057176,0.057176,0.057176,0.057176,0.057176,0.057176,0.057176,0.057176,0.057176,0.057176,0.057176
0.853144,0.853144,0.853144,0.853144,0.853144,0.259504,0.259504,0.259504,0.259504,0.259504,0.602748,0.602748,0.602748,0.602748,0.602748,1.10642,1.10642,1.10642,1.10642,1.10642,1.088856,1.088856,1.088856,1.088856,1.088856,0.5885,0.5885,0.5885,0.5885,0.5885,0.382364,0.382364,0.382364,0.382364,0.382364,0.287972,0.287972,0.287972,0.287972,0.287972,0.269576,0.269576,0.269576,0.269576,0.269576,0.46768,0.46768,0.46768,0.46768,0.46768,0.269984,0.269984,0.269984,0.269984,0.269984,0.182704,0.182704,0.182704,0.182704,0.182704,0.124108,0.124108,0.124108,0.124108,0.124108,0.085192,0.085192,0.085192,0.085192,0.085192,0.066076,0.066076,0.066076,0.066076,0.066076,0.057176,0.057176,0.057176,0.057176,0.057176,0.057176,0.057176,0.057176,0.057176,0.057176,0.057176,0.057176,0.057176,0.057176,0.057176,0.057176,0.057176,0.057176,0.057176,0.057176,0.057176,0.057176,0.057176,0.057176,0.057176,0.057176
0.853144,0.853144,0.853144,0.853144,0.853144,0.259504,0.259504,0.259504,0.259504,0.259504,0.602748,0.602748,0.602748,0.602748,0.602748,1.10642,1.10642,1.10642,1.10642,1.10642,1.088856,1.088856,1.088856,1.088856,1.088856,0.5885,0.5885,0.5885,0.5885,0.5885,0.382364,0.382364,0.382364,0.382364,0.382364,0.287972,0.287972,0.287972,0.287972,0.287972,0.269576,0.269576,0.269576,0.269576,0.269576,0.46768,0.46768,0.46768,0.46768,0.46768,0.269984,0.269984,0.269984,0.269984,0.269984,0.182704,0.182704,0.182704,0.182704,0.182704,0.124108,0.124108,0.124108,0.124108,0.124108,0.085192,0.085192,0.085192,0.085192,0.085192,0.066076,0.066076,0.066076,0.066076,0.066076,0.057176,0.057176,0.057176,0.057176,0.057176,0.057176,0.057176,0.057176,0.057176,0.057176,0.057176,0.057176,0.057176,0.057176,0.057176,0.057176,0.057176,0.057176,0.057176,0.057176,0.057176,0.057176,0.057176,0.057176,0.057176,0.057176
0.853144,0.853144,0.853144,0.853144,0.853144,0.259504,0.259504,0.259504,0.259504,0.259504,0.602748,0.602748,0.602748,0.602748,0.602748,1.10642,1.10642,1.10642,1.10642,1.10642,1.088856,1.088856,1.088856,1.088856,1.088856,0.5885,0.5885,0.5885,0.5885,0.5885,0.382364,0.382364,0.382364,0.382364,0.382364,0.287972,0.287972,0.287972,0.287972,0.287972,0.269576,0.269576,0.269576,0.269576,0.269576,0.46768,0.46768,0.46768,0.46768,0.46768,0.269984,0.269984,0.269984,0.269984,0.269984,0.182704,0.182704,0.182704,0.182704,0.182704,0.124108,0.124108,0.124108,0.124108,0.124108,0.085192,0.085192,0.085192,0.085192,0.085192,0.066076,0.066076,0.066076,0.066076,0.066076,0.057176,0.057176,0.057176,0.057176,0.057176,0.057176,0.057176,0.057176,0.057176,0.057176,0.057176,0.057176,0.057176,0.057176,0.057176,0.057176,0.057176,0.057176,0.057176,0.057176,0.057176,0.057176,0.057176,0.057176,0.057176,0.057176
0.853144,0.853144,0.853144,0.853144,0.853144,0.259504,0.259504,0.259504,0.259504,0.259504,0.602748,0.602748,0.602748,0.602748,0.602748,1.10642,1.10642,1.10642,1.10642,1.10642,1.088856,1.088856,1.088856,1.088856,1.088856,0.5885,0.5885,0.5885,0.5885,0.5885,0.382364,0.382364,0.382364,0.382364,0.382364,0.287972,0.287972,0.287972,0.287972,0.287972,0.269576,0.269576,0.269576,0.269576,0.269576,0.46768,0.46768,0.46768,0.46768,0.46768,0.269984,0.269984,0.269984,0.269984,0.269984,0.182704,0.182704,0.182704,0.182704,0.182704,0.124108,0.124108,0.124108,0.124108,0.124108,0.085192,0.085192,0.085192,0.085192,0.085192,0.066076,0.066076,0.066076,0.066076,0.066076,0.057176,0.057176,0.057176,0.057176,0.057176,0.057176,0.057176,0.057176,0.057176,0.057176,0.057176,0.057176,0.057176,0.057176,0.057176,0.057176,0.057176,0.057176,0.057176,0.057176,0.057176,0.057176,0.057176,0.057176,0.057176,0.057176
0.744008,0.744008,0.744008,0.744008,0.744008,0.601728,0.601728,0.601728,0.601728,0.601728,0.3252,0.3252,0.3252,0.3252,0.3252,0.553756,0.553756,0.553756,0.553756,0.553756,0.74866,0.74866,0.74866,0.74866,0.74866,0.670476,0.670476,0.670476,0.670476,0.670476,0.5414,0.5414,0.5414,0.5414,0.5414,0.349604,0.349604,0.349604,0.349604,0.349604,0.267536,0.267536,0.267536,0.267536,0.267536,0.866264,0.866264,0.866264,0.866264,0.866264,0.229952,0.229952,0.229952,0.229952,0.229952,0.197048,0.197048,0.197048,0.197048,0.197048,0.13864,0.13864,0.13864,0.13864,0.13864,0.089284,0.089284,0.089284,0.089284,0.089284,0.063176,0.063176,0.063176,0.063176,0.063176,0.059008,0.059008,0.059008,0.059008,0.059008,0.059008,0.059008,0.059008,0.059008,0.059008,0.059008,0.059008,0.059008,0.059008,0.059008,0.059008,0.059008,0.059008,0.059008,0.059008,0.059008,0.059008,0.059008,0.059008,0.059008,0.059008
0.744008,0.744008,0.744008,0.744008,0.744008,0.601728,0.601728,0.601728,0.601728,0.601728,0.3252,0.3252,0.3252,0.3252,0.3252,0.553756,0.553756,0.553756,0.553756,0.553756,0.74866,0.74866,0.74866,0.74866,0.74866,0.670476,0.670476,0.670476,0.670476,0.670476,0.5414,0.5414,0.5414,0.5414,0.5414,0.349604,0.349604,0.349604,0.349604,0.349604,0.267536,0.267536,0.267536,0.267536,0.267536,0.866264,0.866264,0.866264,0.866264,0.866264,0.229952,0.229952,0.229952,0.229952,0.229952,0.197048,0.197048,0.197048,0.197048,0.197048,0.13864,0.13864,0.13864,0.13864,0.13864,0.089284,0.089284,0.089284,0.089284,0.089284,0.063176,0.063176,0.063176,0.063176,0.063176,0.059008,0.059008,0.059008,0.059008,0.059008,0.059008,0.059008,0.059008,0.059008,0.059008,0.059008,0.059008,0.059008,0.059008,0.059008,0.059008,0.059008,0.059008,0.059008,0.059008,0.059008,0.059008,0.059008,0.059008,0.059008,0.059008
0.744008,0.744008,0.744008,0.744008,0.744008,0.601728,0.601728,0.601728,0.601728,0.601728,0.3252,0.3252,0.3252,0.3252,0.3252,0.553756,0.553756,0.553756,0.553756,0.553756,0.74866,0.74866,0.74866,0.74866,0.74866,0.670476,0.670476,0.670476,0.670476,0.670476,0.5414,0.5414,0.5414,0.5414,0.5414,0.349604,0.349604,0.349604,0.349604,0.349604,0.267536,0.267536,0.267536,0.267536,0.267536,0.866264,0.866264,0.866264,0.866264,0.866264,0.229952,0.229952,0.229952,0.229952,0.229952,0.197048,0.197048,0.197048,0.197048,0.197048,0.13864,0.13864,0.13864,0.13864,0.13864,0.089284,0.089284,0.089284,0.089284,0.089284,0.063176,0.063176,0.063176,0.063176,0.063176,0.059008,0.059008,0.059008,0.059008,0.059008,0.059008,0.059008,0.059008,0.059008,0.059008,0.059008,0.059008,0.059008,0.059008,0.059008,0.059008,0.059008,0.059008,0.059008,0.059008,0.059008,0.059008,0.059008,0.059008,0.059008,0.059008
0.744008,0.744008,0.744008,0.744008,0.744008,0.601728,0.601728,0.601728,0.601728,0.601728,0.3252,0.3252,0.3252,0.3252,0.3252,0.553756,0.553756,0.553756,0.553756,0.553756,0.74866,0.74866,0.74866,0.74866,0.74866,0.670476,0.670476,0.670476,0.670476,0.670476,0.5414,0.5414,0.5414,0.5414,0.5414,0.349604,0.349604,0.349604,0.349604,0.349604,0.267536,0.267536,0.267536,0.267536,0.267536,0.866264,0.866264,0.866264,0.866264,0.866264,0.229952,0.229952,0.229952,0.229952,0.229952,0.197048,0.197048,0.197048,0.197048,0.197048,0.13864,0.13864,0.13864,0.13864,0.13864,0.089284,0.089284,0.089284,0.089284,0.089284,0.063176,0.063176,0.063176,0.063176,0.063176,0.059008,0.059008,0.059008,0.059008,0.059008,0.059008,0.059008,0.059008,0.059008,0.059008,0.059008,0.059008,0.059008,0.059008,0.059008,0.059008,0.059008,0.059008,0.059008,0.059008,0.059008,0.059008,0.059008,0.059008,0.059008,0.059008
0.744008,0.744008,0.744008,0.744008,0.744008,0.601728,0.601728,0.601728,0.601728,0.601728,0.3252,0.3252,0.3252,0.3252,0.3252,0.553756,0.553756,0.553756,0.553756,0.553756,0.74866,0.74866,0.74866,0.74866,0.74866,0.670476,0.670476,0.670476,0.670476,0.670476,0.5414,0.5414,0.5414,0.5414,0.5414,0.349604,0.349604,0.349604,0.349604,0.349604,0.267536,0.267536,0.267536,0.267536,0.267536,0.866264,0.866264,0.866264,0.866264,0.866264,0.229952,0.229952,0.229952,0.229952,0.229952,0.197048,0.197048,0.197048,0.197048,0.197048,0.13864,0.13864,0.13864,0.13864,0.13864,0.089284,0.089284,0.089284,0.089284,0.089284,0.063176,0.063176,0.063176,0.063176,0.063176,0.059008,0.059008,0.059008,0.059008,0.059008,0.059008,0.059008,0.059008,0.059008,0.059008,0.059008,0.059008,0.059008,0.059008,0.059008,0.059008,0.059008,0.059008,0.059008,0.059008,0.059008,0.059008,0.059008,0.059008,0.059008,0.059008
0.739556,0.739556,0.739556,0.739556,0.739556,0.812116,0.812116,0.812116,0.812116,0.812116,0.571296,0.571296,0.571296,0.571296,0.571296,0.401524,0.401524,0.401524,0.401524,0.401524,0.535788,0.535788,0.535788,0.535788,0.535788,0.586584,0.586584,0.586584,0.586584,0.586584,0.656064,0.656064,0.656064,0.656064,0.656064,0.513652,0.513652,0.513652,0.513652,0.513652,0.32388,0.32388,0.32388,0.32388,0.32388,1.07448,1.07448,1.07448,1.07448,1.07448,0.251856,0.251856,0.251856,0.251856,0.251856,0.17928,0.17928,0.17928,0.17928,0.17928,0.141536,0.141536,0.141536,0.141536,0.141536,0.102432,0.102432,0.102432,0.102432,0.102432,0.076596,0.076596,0.076596,0.076596,0.076596,0.06268,0.06268,0.06268,0.06268,0.06268,0.06268,0.06268,0.06268,0.06268,0.06268,0.06268,0.06268,0.06268,0.06268,0.06268,0.06268,0.06268,0.06268,0.06268,0.06268,0.06268,0.06268,0.06268,0.06268,0.06268,0.06268
0.739556,0.739556,0.739556,0.739556,0.739556,0.812116,0.812116,0.812116,0.812116,0.812116,0.571296,0.571296,0.571296,0.571296,0.571296,0.401524,0.401524,0.401524,0.401524,0.401524,0.535788,0.535788,0.535788,0.535788,0.535788,0.586584,0.586584,0.586584,0.586584,0.586584,0.656064,0.656064,0.656064,0.656064,0.656064,0.513652,0.513652,0.513652,0.513652,0.513652,0.32388,0.32388,0.32388,0.32388,0.32388,1.07448,1.07448,1.07448,1.07448,1.07448,0.251856,0.251856,0.251856,0.251856,0.251856,0.17928,0.17928,0.17928,0.17928,0.17928,0.141536,0.141536,0.141536,0.141536,0.141536,0.102432,0.102432,0.102432,0.102432,0.102432,0.076596,0.076596,0.076596,0.076596,0.076596,0.06268,0.06268,0.06268,0.06268,0.06268,0.06268,0.06268,0.06268,0.06268,0.06268,0.06268,0.06268,0.06268,0.06268,0.06268,0.06268,0.06268,0.06268,0.06268,0.06268,0.06268,0.06268,0.06268,0.06268,0.06268,0.06268
0.739556,0.739556,0.739556,0.739556,0.739556,0.812116,0.812116,0.812116,0.812116,0.812116,0.571296,0.571296,0.571296,0.571296,0.571296,0.401524,0.401524,0.401524,0.401524,0.401524,0.535788,0.535788,0.535788,0.535788,0.535788,0.586584,0.586584,0.586584,0.586584,0.586584,0.656064,0.656064,0.656064,0.656064,0.656064,0.513652,0.513652,0.513652,0.513652,0.513652,0.32388,0.32388,0.32388,0.32388,0.32388,1.07448,1.07448,1.07448,1.07448,1.07448,0.251856,0.251856,0.251856,0.251856,0.251856,0.17928,0.17928,0.17928,0.17928,0.17928,0.141536,0.141536,0.141536,0.141536,0.141536,0.102432,0.102432,0.102432,0.102432,0.102432,0.076596,0.076596,0.076596,0.076596,0.076596,0.06268,0.06268,0.06268,0.06268,0.06268,0.06268,0.06268,0.06268,0.06268,0.06268,0.06268,0.06268,0.06268,0.06268,0.06268,0.06268,0.06268,0.06268,0.06268,0.06268,0.06268,0.06268,0.06268,0.06268,0.06268,0.06268
0.739556,0.739556,0.739556,0.739556,0.739556,0.812116,0.812116,0.812116,0.812116,0.812116,0.571296,0.571296,0.571296,0.571296,0.571296,0.401524,0.401524,0.401524,0.401524,0.401524,0.535788,0.535788,0.535788,0.535788,0.535788,0.586584,0.586584,0.586584,0.586584,0.586584,0.656064,0.656064,0.656064,0.656064,0.656064,0.513652,0.513652,0.513652,0.513652,0.513652,0.32388,0.32388,0.32388,0.32388,0.32388,1.07448,1.07448,1.07448,1.07448,1.07448,0.251856,0.251856,0.251856,0.251856,0.251856,0.17928,0.17928,0.17928,0.17928,0.17928,0.141536,0.141536,0.141536,0.141536,0.141536,0.102432,0.102432,0.102432,0.102432,0.102432,0.076596,0.076596,0.076596,0.076596,0.076596,0.06268,0.06268,0.06268,0.06268,0.06268,0.06268,0.06268,0.06268,0.06268,0.06268,0.06268,0.06268,0.06268,0.06268,0.06268,0.06268,0.06268,0.06268,0.06268,0.06268,0.06268,0.06268,0.06268,0.06268,0.06268,0.06268
0.739556,0.739556,0.739556,0.739556,0.739556,0.812116,0.812116,0.812116,0.812116,0.812116,0.571296,0.571296,0.571296,0.571296,0.571296,0.401524,0.401524,0.401524,0.401524,0.401524,0.535788,0.535788,0.535788,0.535788,0.535788,0.586584,0.586584,0.586584,0.586584,0.586584,0.656064,0.656064,0.656064,0.656064,0.656064,0.513652,0.513652,0.513652,0.513652,0.513652,0.32388,0.32388,0.32388,0.32388,0.32388,1.07448,1.07448,1.07448,1.07448,1.07448,0.251856,0.251856,0.251856,0.251856,0.251856,0.17928,0.17928,0.17928,0.17928,0.17928,0.141536,0.141536,0.141536,0.141536,0.141536,0.102432,0.102432,0.102432,0.102432,0.102432,0.076596,0.076596,0.076596,0.076596,0.076596,0.06268,0.06268,0.06268,0.06268,0.06268,0.06268,0.06268,0.06268,0.06268,0.06268,0.06268,0.06268,0.06268,0.06268,0.06268,0.06268,0.06268,0.06268,0.06268,0.06268,0.06268,0.06268,0.06268,0.06268,0.06268,0.06268
0.499996,0.499996,0.499996,0.499996,0.499996,0.806728,0.806728,0.806728,0.806728,0.806728,0.682796,0.682796,0.682796,0.682796,0.682796,0.500632,0.500632,0.500632,0.500632,0.500632,0.44114,0.44114,0.44114,0.44114,0.44114,0.494064,0.494064,0.494064,0.494064,0.494064,0.534936,0.534936,0.534936,0.534936,0.534936,0.52052,0.52052,0.52052,0.52052,0.52052,0.39868,0.39868,0.39868,0.39868,0.39868,0.76734,0.76734,0.76734,0.76734,0.76734,0.276624,0.276624,0.276624,0.276624,0.276624,0.146908,0.146908,0.146908,0.146908,0.146908,0.131512,0.131512,0.131512,0.131512,0.131512,0.095848,0.095848,0.095848,0.095848,0.095848,0.07516,0.07516,0.07516,0.07516,0.07516,0.072,0.072,0.072,0.072,0.072,0.072,0.072,0.072,0.072,0.072,0.072,0.072,0.072,0.072,0.072,0.072,0.072,0.072,0.072,0.072,0.072,0.072,0.072,0.072,0.072,0.072
0.499996,0.499996,0.499996,0.499996,0.499996,0.806728,0.806728,0.806728,0.806728,0.806728,0.682796,0.682796,0.682796,0.682796,0.682796,0.500632,0.500632,0.500632,0.500632,0.500632,0.44114,0.44114,0.44114,0.44114,0.44114,0.494064,0.494064,0.494064,0.494064,0.494064,0.534936,0.534936,0.534936,0.534936,0.534936,0.52052,0.52052,0.52052,0.52052,0.52052,0.39868,0.39868,0.39868,0.39868,0.39868,0.76734,0.76734,0.76734,0.76734,0.76734,0.276624,0.276624,0.276624,0.276624,0.276624,0.146908,0.146908,0.146908,0.146908,0.146908,0.131512,0.131512,0.131512,0.131512,0.131512,0.095848,0.095848,0.095848,0.095848,0.095848,0.07516,0.07516,0.07516,0.07516,0.07516,0.072,0.072,0.072,0.072,0.072,0.072,0.072,0.072,0.072,0.072,0.072,0.072,0.072,0.072,0.072,0.072,0.072,0.072,0.072,0.072,0.072,0.072,0.072,0.072,0.072,0.072
0.499996,0.499996,0.499996,0.499996,0.499996,0.806728,0.806728,0.806728,0.806728,0.806728,0.682796,0.682796,0.682796,0.682796,0.682796,0.500632,0.500632,0.500632,0.500632,0.500632,0.44114,0.44114,0.44114,0.44114,0.44114,0.494064,0.494064,0.494064,0.494064,0.494064,0.534936,0.534936,0.534936,0.534936,0.534936,0.52052,0.52052,0.52052,0.52052,0.52052,0.39868,0.39868,0.39868,0.39868,0.39868,0.76734,0.76734,0.76734,0.76734,0.76734,0.276624,0.276624,0.276624,0.276624,0.276624,0.146908,0.146908,0.146908,0.146908,0.146908,0.131512,0.131512,0.131512,0.131512,0.131512,0.095848,0.095848,0.095848,0.095848,0.095848,0.07516,0.07516,0.07516,0.07516,0.07516,0.072,0.072,0.072,0.072,0.072,0.072,0.072,0.072,0.072,0.072,0.072,0.072,0.072,0.072,0.072,0.072,0.072,0.072,0.072,0.072,0.072,0.072,0.072,0.072,0.072,0.072
0.499996,0.499996,0.499996,0.499996,0.499996,0.806728,0.806728,0.806728,0.806728,0.806728,0.682796,0.682796,0.682796,0.682796,0.682796,0.500632,0.500632,0.500632,0.500632,0.500632,0.44114,0.44114,0.44114,0.44114,0.44114,0.494064,0.494064,0.494064,0.494064,0.494064,0.534936,0.534936,0.534936,0.534936,0.534936,0.52052,0.52052,0.52052,0.52052,0.52052,0.39868,0.39868,0.39868,0.39868,0.39868,0.76734,0.76734,0.76734,0.76734,0.76734,0.276624,0.276624,0.276624,0.276624,0.276624,0.146908,0.146908,0.146908,0.146908,0.146908,0.131512,0.131512,0.131512,0.131512,0.131512,0.095848,0.095848,0.095848,0.095848,0.095848,0.07516,0.07516,0.07516,0.07516,0.07516,0.072,0.072,0.072,0.072,0.072,0.072,0.072,0.072,0.072,0.072,0.072,0.072,0.072,0.072,0.072,0.072,0.072,0.072,0.072,0.072,0.072,0.072,0.072,0.072,0.072,0.072
0.499996,0.499996,0.499996,0.499996,0.499996,0.806728,0.806728,0.806728,0.806728,0.806728,0.682796,0.682796,0.682796,0.682796,0.682796,0.500632,0.500632,0.500632,0.500632,0.500632,0.44114,0.44114,0.44114,0.44114,0.44114,0.494064,0.494064,0.494064,0.494064,0.494064,0.534936,0.534936,0.534936,0.534936,0.534936,0.52052,0.52052,0.52052,0.52052,0.52052,0.39868,0.39868,0.39868,0.39868,0.39868,0.76734,0.76734,0.76734,0.76734,0.76734,0.276624,0.276624,0.276624,0.276624,0.276624,0.146908,0.146908,0.146908,0.146908,0.146908,0.131512,0.131512,0.131512,0.131512,0.131512,0.095848,0.095848,0.095848,0.095848,0.095848,0.07516,0.07516,0.07516,0.07516,0.07516,0.072,0.072,0.072,0.072,0.072,0.072,0.072,0.072,0.072,0.072,0.072,0.072,0.072,0.072,0.072,0.072,0.072,0.072,0.072,0.072,0.072,0.072,0.072,0.072,0.072,0.072
0.31016,0.31016,0.31016,0.31016,0.31016,0.52054,0.52054,0.52054,0.52054,0.52054,0.752824,0.752824,0.752824,0.752824,0.752824,0.560968,0.560968,0.560968,0.560968,0.560968,0.435068,0.435068,0.435068,0.435068,0.435068,0.38354,0.38354,0.38354,0.38354,0.38354,0.414116,0.414116,0.414116,0.414116,0.414116,0.407648,0.407648,0.407648,0.407648,0.407648,0.39002,0.39002,0.39002,0.39002,0.39002,0.471416,0.471416,0.471416,0.471416,0.471416,0.292536,0.292536,0.292536,0.292536,0.292536,0.178376,0.178376,0.178376,0.178376,0.178376,0.112384,0.112384,0.112384,0.112384,0.112384,0.087768,0.087768,0.087768,0.087768,0.087768,0.075716,0.075716,0.075716,0.075716,0.075716,0.066316,0.066316,0.066316,0.066316,0.066316,0.066316,0.066316,0.066316,0.066316,0.066316,0.066316,0.066316,0.066316,0.066316,0.066316,0.066316,0.066316,0.066316,0.066316,0.066316,0.066316,0.066316,0.066316,0.066316,0.066316,0.066316
0.31016,0.31016,0.31016,0.31016,0.31016,0.52054,0.52054,0.52054,0.52054,0.52054,0.752824,0.752824,0.752824,0.752824,0.752824,0.560968,0.560968,0.560968,0.560968,0.560968,0.435068,0.435068,0.435068,0.435068,0.435068,0.38354,0.38354,0.38354,0.38354,0.38354,0.414116,0.414116,0.414116,0.414116,0.414116,0.407648,0.407648,0.407648,0.407648,0.407648,0.39002,0.39002,0.39002,0.39002,0.39002,0.471416,0.471416,0.471416,0.471416,0.471416,0.292536,0.292536,0.292536,0.292536,0.292536,0.178376,0.178376,0.178376,0.178376,0.178376,0.112384,0.112384,0.112384,0.112384,0.112384,0.087768,0.087768,0.087768,0.087768,0.087768,0.075716,0.075716,0.075716,0.075716,0.075716,0.066316,0.066316,0.066316,0.066316,0.066316,0.066316,0.066316,0.066316,0.066316,0.066316,0.066316,0.066316,0.066316,0.066316,0.066316,0.066316,0.066316,0.066316,0.066316,0.066316,0.066316,0.066316,0.066316,0.066316,0.066316,0.066316
0.31016,0.31016,0.31016,0.31016,0.31016,0.52054,0.52054,0.52054,0.52054,0.52054,0.752824,0.752824,0.752824,0.752824,0.752824,0.560968,0.560968,0.560968,0.560968,0.560968,0.435068,0.435068,0.435068,0.435068,0.435068,0.38354,0.38354,0.38354,0.38354,0.38354,0.414116,0.414116,0.414116,0.414116,0.414116,0.407648,0.407648,0.407648,0.407648,0.407648,0.39002,0.39002,0.39002,0.39002,0.39002,0.471416,0.471416,0.471416,0.471416,0.471416,0.292536,0.292536,0.292536,0.292536,0.292536,0.178376,0.178376,0.178376,0.178376,0.178376,0.112384,0.112384,0.112384,0.112384,0.112384,0.087768,0.087768,0.087768,0.087768,0.087768,0.075716,0.075716,0.075716,0.075716,0.075716,0.066316,0.066316,0.066316,0.066316,0.066316,0.066316,0.066316,0.066316,0.066316,0.066316,0.066316,0.066316,0.066316,0.066316,0.066316,0.066316,0.066316,0.066316,0.066316,0.066316,0.066316,0.066316,0.066316,0.066316,0.066316,0.066316
0.31016,0.31016,0.31016,0.31016,0.31016,0.52054,0.52054,0.52054,0.52054,0.52054,0.752824,0.752824,0.752824,0.752824,0.752824,0.560968,0.560968,0.560968,0.560968,0.560968,0.435068,0.435068,0.435068,0.435068,0.435068,0.38354,0.38354,0.38354,0.38354,0.38354,0.414116,0.414116,0.414116,0.414116,0.414116,0.407648,0.407648,0.407648,0.407648,0.407648,0.39002,0.39002,0.39002,0.39002,0.39002,0.471416,0.471416,0.471416,0.471416,0.471416,0.292536,0.292536,0.292536,0.292536,0.292536,0.178376,0.178376,0.178376,0.178376,0.178376,0.112384,0.112384,0.112384,0.112384,0.112384,0.087768,0.087768,0.087768,0.087768,0.087768,0.075716,0.075716,0.075716,0.075716,0.075716,0.066316,0.066316,0.066316,0.066316,0.066316,0.066316,0.066316,0.066316,0.066316,0.066316,0.066316,0.066316,0.066316,0.066316,0.066316,0.066316,0.066316,0.066316,0.066316,0.066316,0.066316,0.066316,0.066316,0.066316,0.066316,0.066316
0.31016,0.31016,0.31016,0.31016,0.31016,0.52054,0.52054,0.52054,0.52054,0.52054,0.752824,0.752824,0.752824,0.752824,0.752824,0.560968,0.560968,0.560968,0.560968,0.560968,0.435068,0.435068,0.435068,0.435068,0.435068,0.38354,0.38354,0.38354,0.38354,0.38354,0.414116,0.414116,0.414116,0.414116,0.414116,0.407648,0.407648,0.407648,0.407648,0.407648,0.39002,0.39002,0.39002,0.39002,0.39002,0.471416,0.471416,0.471416,0.471416,0.471416,0.292536,0.292536,0.292536,0.292536,0.292536,0.178376,0.178376,0.178376,0.178376,0.178376,0.112384,0.112384,0.112384,0.112384,0.112384,0.087768,0.087768,0.087768,0.087768,0.087768,0.075716,0.075716,0.075716,0.075716,0.075716,0.066316,0.066316,0.066316,0.066316,0.066316,0.066316,0.066316,0.066316,0.066316,0.066316,0.066316,0.066316,0.066316,0.066316,0.066316,0.066316,0.066316,0.066316,0.066316,0.066316,0.066316,0.066316,0.066316,0.066316,0.066316,0.066316
0.53502,0.53502,0.53502,0.53502,0.53502,0.545292,0.545292,0.545292,0.545292,0.545292,0.723252,0.723252,0.723252,0.723252,0.723252,0.73962,0.73962,0.73962,0.73962,0.73962,0.67538,0.67538,0.67538,0.67538,0.67538,0.429212,0.429212,0.429212,0.429212,0.429212,0.347528,0.347528,0.347528,0.347528,0.347528,0.390884,0.390884,0.390884,0.390884,0.390884,0.406648,0.406648,0.406648,0.406648,0.406648,0.464224,0.464224,0.464224,0.464224,0.464224,0.313436,0.313436,0.313436,0.313436,0.313436,0.258708,0.258708,0.258708,0.258708,0.258708,0.131156,0.131156,0.131156,0.131156,0.131156,0.080592,0.080592,0.080592,0.080592,0.080592,0.074244,0.074244,0.074244,0.074244,0.074244,0.069192,0.069192,0.069192,0.069192,0.069192,0.069192,0.069192,0.069192,0.069192,0.069192,0.069192,0.069192,0.069192,0.069192,0.069192,0.069192,0.069192,0.069192,0.069192,0.069192,0.069192,0.069192,0.069192,0.069192,0.069192,0.069192
0.53502,0.53502,0.53502,0.53502,0.53502,0.545292,0.545292,0.545292,0.545292,0.545292,0.723252,0.723252,0.723252,0.723252,0.723252,0.73962,0.73962,0.73962,0.73962,0.73962,0.67538,0.67538,0.67538,0.67538,0.67538,0.429212,0.429212,0.429212,0.429212,0.429212,0.347528,0.347528,0.347528,0.347528,0.347528,0.390884,0.390884,0.390884,0.390884,0.390884,0.406648,0.406648,0.406648,0.406648,0.406648,0.464224,0.464224,0.464224,0.464224,0.464224,0.313436,0.313436,0.313436,0.313436,0.313436,0.258708,0.258708,0.258708,0.258708,0.258708,0.131156,0.131156,0.131156,0.131156,0.131156,0.080592,0.080592,0.080592,0.080592,0.080592,0.074244,0.074244,0.074244,0.074244,0.074244,0.069192,0.069192,0.069192,0.069192,0.069192,0.069192,0.069192,0.069192,0.069192,0.069192,0.069192,0.069192,0.069192,0.069192,0.069192,0.069192,0.069192,0.069192,0.069192,0.069192,0.069192,0.069192,0.069192,0.069192,0.069192,0.069192
0.53502,0.53502,0.53502,0.53502,0.53502,0.545292,0.545292,0.545292,0.545292,0.545292,0.723252,0.723252,0.723252,0.723252,0.723252,0.73962,0.73962,0.73962,0.73962,0.73962,0.67538,0.67538,0.67538,0.67538,0.67538,0.429212,0.429212,0.429212,0.429212,0.429212,0.347528,0.347528,0.347528,0.347528,0.347528,0.390884,0.390884,0.390884,0.390884,0.390884,0.406648,0.406648,0.406648,0.406648,0.406648,0.464224,0.464224,0.464224,0.464224,0.464224,0.313436,0.313436,0.313436,0.313436,0.313436,0.258708,0.258708,0.258708,0.258708,0.258708,0.131156,0.131156,0.131156,0.131156,0.131156,0.080592,0.080592,0.080592,0.080592,0.080592,0.074244,0.074244,0.074244,0.074244,0.074244,0.069192,0.069192,0.069192,0.069192,0.069192,0.069192,0.069192,0.069192,0.069192,0.069192,0.069192,0.069192,0.069192,0.069192,0.069192,0.069192,0.069192,0.069192,0.069192,0.069192,0.069192,0.069192,0.069192,0.069192,0.069192,0.069192
0.53502,0.53502,0.53502,0.53502,0.53502,0.545292,0.545292,0.545292,0.545292,0.545292,0.723252,0.723252,0.723252,0.723252,0.723252,0.73962,0.73962,0.73962,0.73962,0.73962,0.67538,0.67538,0.67538,0.67538,0.67538,0.429212,0.429212,0.429212,0.429212,0.429212,0.347528,0.347528,0.347528,0.347528,0.347528,0.390884,0.390884,0.390884,0.390884,0.390884,0.406648,0.406648,0.406648,0.406648,0.406648,0.464224,0.464224,0.464224,0.464224,0.464224,0.313436,0.313436,0.313436,0.313436,0.313436,0.258708,0.258708,0.258708,0.258708,0.258708,0.131156,0.131156,0.131156,0.131156,0.131156,0.080592,0.080592,0.080592,0.080592,0.080592,0.074244,0.074244,0.074244,0.074244,0.074244,0.069192,0.069192,0.069192,0.069192,0.069192,0.069192,0.069192,0.069192,0.069192,0.069192,0.069192,0.069192,0.069192,0.069192,0.069192,0.069192,0.069192,0.069192,0.069192,0.069192,0.069192,0.069192,0.069192,0.069192,0.069192,0.069192
0.53502,0.53502,0.53502,0.53502,0.53502,0.545292,0.545292,0.545292,0.545292,0.545292,0.723252,0.723252,0.723252,0.723252,0.723252,0.73962,0.73962,0.73962,0.73962,0.73962,0.67538,0.67538,0.67538,0.67538,0.67538,0.429212,0.429212,0.429212,0.429212,0.429212,0.347528,0.347528,0.347528,0.347528,0.347528,0.390884,0.390884,0.390884,0.390884,0.390884,0.406648,0.406648,0.406648,0.406648,0.406648,0.464224,0.464224,0.464224,0.464224,0.464224,0.313436,0.313436,0.313436,0.313436,0.313436,0.258708,0.258708,0.258708,0.258708,0.258708,0.131156,0.131156,0.131156,0.131156,0.131156,0.080592,0.080592,0.080592,0.080592,0.080592,0.074244,0.074244,0.074244,0.074244,0.074244,0.069192,0.069192,0.069192,0.069192,0.069192,0.069192,0.069192,0.069192,0.069192,0.069192,0.069192,0.069192,0.069192,0.069192,0.069192,0.069192,0.069192,0.069192,0.069192,0.069192,0.069192,0.069192,0.069192,0.069192,0.069192,0.069192
0.7644,0.7644,0.7644,0.7644,0.7644,0.424588,0.424588,0.424588,0.424588,0.424588,0.558188,0.558188,0.558188,0.558188,0.558188,0.576376,0.576376,0.576376,0.576376,0.576376,0.706316,0.706316,0.706316,0.706316,0.706316,0.537816,0.537816,0.537816,0.537816,0.537816,0.36546,0.36546,0.36546,0.36546,0.36546,0.303748,0.303748,0.303748,0.303748,0.303748,0.269844,0.269844,0.269844,0.269844,0.269844,0.642744,0.642744,0.642744,0.642744,0.642744,0.304416,0.304416,0.304416,0.304416,0.304416,0.2146,0.2146,0.2146,0.2146,0.2146,0.164108,0.164108,0.164108,0.164108,0.164108,0.099264,0.099264,0.099264,0.099264,0.099264,0.067508,0.067508,0.067508,0.067508,0.067508,0.06222,0.06222,0.06222,0.06222,0.06222,0.06222,0.06222,0.06222,0.06222,0.06222,0.06222,0.06222,0.06222,0.06222,0.06222,0.06222,0.06222,0.06222,0.06222,0.06222,0.06222,0.06222,0.06222,0.06222,0.06222,0.06222
0.7644,0.7644,0.7644,0.7644,0.7644,0.424588,0.424588,0.424588,0.424588,0.424588,0.558188,0.558188,0.558188,0.558188,0.558188,0.576376,0.576376,0.576376,0.576376,0.576376,0.706316,0.706316,0.706316,0.706316,0.706316,0.537816,0.537816,0.537816,0.537816,0.537816,0.36546,0.36546,0.36546,0.36546,0.36546,0.303748,0.303748,0.303748,0.303748,0.303748,0.269844,0.269844,0.269844,0.269844,0.269844,0.642744,0.642744,0.642744,0.642744,0.642744,0.304416,0.304416,0.304416,0.304416,0.304416,0.2146,0.2146,0.2146,0.2146,0.2146,0.164108,0.164108,0.164108,0.164108,0.164108,0.099264,0.099264,0.099264,0.099264,0.099264,0.067508,0.067508,0.067508,0.067508,0.067508,0.06222,0.06222,0.06222,0.06222,0.06222,0.06222,0.06222,0.06222,0.06222,0.06222,0.06222,0.06222,0.06222,0.06222,0.06222,0.06222,0.06222,0.06222,0.06222,0.06222,0.06222,0.06222,0.06222,0.06222,0.06222,0.06222
0.7644,0.7644,0.7644,0.7644,0.7644,0.424588,0.424588,0.424588,0.424588,0.424588,0.558188,0.558188,0.558188,0.558188,0.558188,0.576376,0.576376,0.576376,0.576376,0.576376,0.706316,0.706316,0.706316,0.706316,0.706316,0.537816,0.537816,0.537816,0.537816,0.537816,0.36546,0.36546,0.36546,0.36546,0.36546,0.303748,0.303748,0.303748,0.303748,0.303748,0.269844,0.269844,0.269844,0.269844,0.269844,0.642744,0.642744,0.642744,0.642744,0.642744,0.304416,0.304416,0.304416,0.304416,0.304416,0.2146,0.2146,0.2146,0.2146,0.2146,0.164108,0.164108,0.164108,0.164108,0.164108,0.099264,0.099264,0.099264,0.099264,0.099264,0.067508,0.067508,0.067508,0.067508,0.067508,0.06222,0.06222,0.06222,0.06222,0.06222,0.06222,0.06222,0.06222,0.06222,0.06222,0.06222,0.06222,0.06222,0.06222,0.06222,0.06222,0.06222,0.06222,0.06222,0.06222,0.06222,0.06222,0.06222,0.06222,0.06222,0.06222
0.7644,0.7644,0.7644,0.7644,0.7644,0.424588,0.424588,0.424588,0.424588,0.424588,0.558188,0.558188,0.558188,0.558188,0.558188,0.576376,0.576376,0.576376,0.576376,0.576376,0.706316,0.706316,0.706316,0.706316,0.706316,0.537816,0.537816,0.537816,0.537816,0.537816,0.36546,0.36546,0.36546,0.36546,0.36546,0.303748,0.303748,0.303748,0.303748,0.303748,0.269844,0.269844,0.269844,0.269844,0.269844,0.642744,0.642744,0.642744,0.642744,0.642744,0.304416,0.304416,0.304416,0.304416,0.304416,0.2146,0.2146,0.2146,0.2146,0.2146,0.164108,0.164108,0.164108,0.164108,0.164108,0.099264,0.099264,0.099264,0.099264,0.099264,0.067508,0.067508,0.067508,0.067508,0.067508,0.06222,0.06222,0.06222,0.06222,0.06222,0.06222,0.06222,0.06222,0.06222,0.06222,0.06222,0.06222,0.06222,0.06222,0.06222,0.06222,0.06222,0.06222,0.06222,0.06222,0.06222,0.06222,0.06222,0.06222,0.06222,0.06222
0.7644,0.7644,0.7644,0.7644,0.7644,0.424588,0.424588,0.424588,0.424588,0.424588,0.558188,0.558188,0.558188,0.558188,0.558188,0.576376,0.576376,0.576376,0.576376,0.576376,0.706316,0.706316,0.706316,0.706316,0.706316,0.537816,0.537816,0.537816,0.537816,0.537816,0.36546,0.36546,0.36546,0.36546,0.36546,0.303748,0.303748,0.303748,0.303748,0.303748,0.269844,0.269844,0.269844,0.269844,0.269844,0.642744,0.642744,0.642744,0.642744,0.642744,0.304416,0.304416,0.304416,0.304416,0.304416,0.2146,0.2146,0.2146,0.2146,0.2146,0.164108,0.164108,0.164108,0.164108,0.164108,0.099264,0.099264,0.099264,0.099264,0.099264,0.067508,0.067508,0.067508,0.067508,0.067508,0.06222,0.06222,0.06222,0.06222,0.06222,0.06222,0.06222,0.06222,0.06222,0.06222,0.06222,0.06222,0.06222,0.06222,0.06222,0.06222,0.06222,0.06222,0.06222,0.06222,0.06222,0.06222,0.06222,0.06222,0.06222,0.06222
0.68058,0.68058,0.68058,0.68058,0.68058,0.344684,0.344684,0.344684,0.344684,0.344684,0.411204,0.411204,0.411204,0.411204,0.411204,0.40468,0.40468,0.40468,0.40468,0.40468,0.465576,0.465576,0.465576,0.465576,0.465576,0.407124,0.407124,0.407124,0.407124,0.407124,0.394472,0.394472,0.394472,0.394472,0.394472,0.264112,0.264112,0.264112,0.264112,0.264112,0.193084,0.193084,0.193084,0.193084,0.193084,0.568352,0.568352,0.568352,0.568352,0.568352,0.179672,0.179672,0.179672,0.179672,0.179672,0.193236,0.193236,0.193236,0.193236,0.193236,0.127296,0.127296,0.127296,0.127296,0.127296,0.115308,0.115308,0.115308,0.115308,0.115308,0.077664,0.077664,0.077664,0.077664,0.077664,0.061804,0.061804,0.061804,0.061804,0.061804,0.061804,0.061804,0.061804,0.061804,0.061804,0.061804,0.061804,0.061804,0.061804,0.061804,0.061804,0.061804,0.061804,0.061804,0.061804,0.061804,0.061804,0.061804,0.061804,0.061804,0.061804
0.68058,0.68058,0.68058,0.68058,0.68058,0.344684,0.344684,0.344684,0.344684,0.344684,0.411204,0.411204,0.411204,0.411204,0.411204,0.40468,0.40468,0.40468,0.40468,0.40468,0.465576,0.465576,0.465576,0.465576,0.465576,0.407124,0.407124,0.407124,0.407124,0.407124,0.394472,0.394472,0.394472,0.394472,0.394472,0.264112,0.264112,0.264112,0.264112,0.264112,0.193084,0.193084,0.193084,0.193084,0.193084,0.568352,0.568352,0.568352,0.568352,0.568352,0.179672,0.179672,0.179672,0.179672,0.179672,0.193236,0.193236,0.193236,0.193236,0.193236,0.127296,0.127296,0.127296,0.127296,0.127296,0.115308,0.115308,0.115308,0.115308,0.115308,0.077664,0.077664,0.077664,0.077664,0.077664,0.061804,0.061804,0.061804,0.061804,0.061804,0.061804,0.061804,0.061804,0.061804,0.061804,0.061804,0.061804,0.061804,0.061804,0.061804,0.061804,0.061804,0.061804,0.061804,0.061804,0.061804,0.061804,0.061804,0.061804,0.061804,0.061804
0.68058,0.68058,0.68058,0.68058,0.68058,0.344684,0.344684,0.344684,0.344684,0.344684,0.411204,0.411204,0.411204,0.411204,0.411204,0.40468,0.40468,0.40468,0.40468,0.40468,0.465576,0.465576,0.465576,0.465576,0.465576,0.407124,0.407124,0.407124,0.407124,0.407124,0.394472,0.394472,0.394472,0.394472,0.394472,0.264112,0.264112,0.264112,0.264112,0.264112,0.193084,0.193084,0.193084,0.193084,0.193084,0.568352,0.568352,0.568352,0.568352,0.568352,0.179672,0.179672,0.179672,0.179672,0.179672,0.193236,0.193236,0.193236,0.193236,0.193236,0.127296,0.127296,0.127296,0.127296,0.127296,0.115308,0.115308,0.115308,0.115308,0.115308,0.077664,0.077664,0.077664,0.077664,0.077664,0.061804,0.061804,0.061804,0.061804,0.061804,0.061804,0.061804,0.061804,0.061804,0.061804,0.061804,0.061804,0.061804,0.061804,0.061804,0.061804,0.061804,0.061804,0.061804,0.061804,0.061804,0.061804,0.061804,0.061804,0.061804,0.061804
0.68058,0.68058,0.68058,0.68058,0.68058,0.344684,0.344684,0.344684,0.344684,0.344684,0.411204,0.411204,0.411204,0.411204,0.411204,0.40468,0.40468,0.40468,0.40468,0.40468,0.465576,0.465576,0.465576,0.465576,0.465576,0.407124,0.407124,0.407124,0.407124,0.407124,0.394472,0.394472,0.394472,0.394472,0.394472,0.264112,0.264112,0.264112,0.264112,0.264112,0.193084,0.193084,0.193084,0.193084,0.193084,0.568352,0.568352,0.568352,0.568352,0.568352,0.179672,0.179672,0.179672,0.179672,0.179672,0.193236,0.193236,0.193236,0.193236,0.193236,0.127296,0.127296,0.127296,0.127296,0.127296,0.115308,0.115308,0.115308,0.115308,0.115308,0.077664,0.077664,0.077664,0.077664,0.077664,0.061804,0.061804,0.061804,0.061804,0.061804,0.061804,0.061804,0.061804,0.061804,0.061804,0.061804,0.061804,0.061804,0.061804,0.061804,0.061804,0.061804,0.061804,0.061804,0.061804,0.061804,0.061804,0.061804,0.061804,0.061804,0.061804
0.68058,0.68058,0.68058,0.68058,0.68058,0.344684,0.344684,0.344684,0.344684,0.344684,0.411204,0.411204,0.411204,0.411204,0.411204,0.40468,0.40468,0.40468,0.40468,0.40468,0.465576,0.465576,0.465576,0.465576,0.465576,0.407124,0.407124,0.407124,0.407124,0.407124,0.394472,0.394472,0.394472,0.394472,0.394472,0.264112,0.264112,0.264112,0.264112,0.264112,0.193084,0.193084,0.193084,0.193084,0.193084,0.568352,0.568352,0.568352,0.568352,0.568352,0.179672,0.179672,0.179672,0.179672,0.179672,0.193236,0.193236,0.193236,0.193236,0.193236,0.127296,0.127296,0.127296,0.127296,0.127296,0.115308,0.115308,0.115308,0.115308,0.115308,0.077664,0.077664,0.077664,0.077664,0.077664,0.061804,0.061804,0.061804,0.061804,0.061804,0.061804,0.061804,0.061804,0.061804,0.061804,0.061804,0.061804,0.061804,0.061804,0.061804,0.061804,0.061804,0.061804,0.061804,0.061804,0.061804,0.061804,0.061804,0.061804,0.061804,0.061804
0.576652,0.576652,0.576652,0.576652,0.576652,0.444916,0.444916,0.444916,0.444916,0.444916,0.349908,0.349908,0.349908,0.349908,0.349908,0.383124,0.383124,0.383124,0.383124,0.383124,0.399016,0.399016,0.399016,0.399016,0.399016,0.43816,0.43816,0.43816,0.43816,0.43816,0.41962,0.41962,0.41962,0.41962,0.41962,0.27826,0.27826,0.27826,0.27826,0.27826,0.169492,0.169492,0.169492,0.169492,0.169492,0.698012,0.698012,0.698012,0.698012,0.698012,0.154132,0.154132,0.154132,0.154132,0.154132,0.16684,0.16684,0.16684,0.16684,0.16684,0.147296,0.147296,0.147296,0.147296,0.147296,0.10222,0.10222,0.10222,0.10222,0.10222,0.081656,0.081656,0.081656,0.081656,0.081656,0.061952,0.061952,0.061952,0.061952,0.061952,0.061952,0.061952,0.061952,0.061952,0.061952,0.061952,0.061952,0.061952,0.061952,0.061952,0.061952,0.061952,0.061952,0.061952,0.061952,0.061952,0.061952,0.061952,0.061952,0.061952,0.061952
0.576652,0.576652,0.576652,0.576652,0.576652,0.444916,0.444916,0.444916,0.444916,0.444916,0.349908,0.349908,0.349908,0.349908,0.349908,0.383124,0.383124,0.383124,0.383124,0.383124,0.399016,0.399016,0.399016,0.399016,0.399016,0.43816,0.43816,0.43816,0.43816,0.43816,0.41962,0.41962,0.41962,0.41962,0.41962,0.27826,0.27826,0.27826,0.27826,0.27826,0.169492,0.169492,0.169492,0.169492,0.169492,0.698012,0.698012,0.698012,0.698012,0.698012,0.154132,0.154132,0.154132,0.154132,0.154132,0.16684,0.16684,0.16684,0.16684,0.16684,0.147296,0.147296,0.147296,0.147296,0.147296,0.10222,0.10222,0.10222,0.10222,0.10222,0.081656,0.081656,0.081656,0.081656,0.081656,0.061952,0.061952,0.061952,0.061952,0.061952,0.061952,0.061952,0.061952,0.061952,0.061952,0.061952,0.061952,0.061952,0.061952,0.061952,0.061952,0.061952,0.061952,0.061952,0.061952,0.061952,0.061952,0.061952,0.061952,0.061952,0.061952
0.576652,0.576652,0.576652,0.576652,0.576652,0.444916,0.444916,0.444916,0.444916,0.444916,0.349908,0.349908,0.349908,0.349908,0.349908,0.383124,0.383124,0.383124,0.383124,0.383124,0.399016,0.399016,0.399016,0.399016,0.399016,0.43816,0.43816,0.43816,0.43816,0.43816,0.41962,0.41962,0.41962,0.41962,0.41962,0.27826,0.27826,0.27826,0.27826,0.27826,0.169492,0.169492,0.169492,0.169492,0.169492,0.698012,0.698012,0.698012,0.698012,0.698012,0.154132,0.154132,0.154132,0.154132,0.154132,0.16684,0.16684,0.16684,0.16684,0.16684,0.147296,0.147296,0.147296,0.147296,0.147296,0.10222,0.10222,0.10222,0.10222,0.10222,0.081656,0.081656,0.081656,0.081656,0.081656,0.061952,0.061952,0.061952,0.061952,0.061952,0.061952,0.061952,0.061952,0.061952,0.061952,0.061952,0.061952,0.061952,0.061952,0.061952,0.061952,0.061952,0.061952,0.061952,0.061952,0.061952,0.061952,0.061952,0.061952,0.061952,0.061952
0.576652,0.576652,0.576652,0.576652,0.576652,0.444916,0.444916,0.444916,0.444916,0.444916,0.349908,0.349908,0.349908,0.349908,0.349908,0.383124,0.383124,0.383124,0.383124,0.383124,0.399016,0.399016,0.399016,0.399016,0.399016,0.43816,0.43816,0.43816,0.43816,0.43816,0.41962,0.41962,0.41962,0.41962,0.41962,0.27826,0.27826,0.27826,0.27826,0.27826,0.169492,0.169492,0.169492,0.169492,0.169492,0.698012,0.698012,0.698012,0.698012,0.698012,0.154132,0.154132,0.154132,0.154132,0.154132,0.16684,0.16684,0.16684,0.16684,0.16684,0.147296,0.147296,0.147296,0.147296,0.147296,0.10222,0.10222,0.10222,0.10222,0.10222,0.081656,0.081656,0.081656,0.081656,0.081656,0.061952,0.061952,0.061952,0.061952,0.061952,0.061952,0.061952,0.061952,0.061952,0.061952,0.061952,0.061952,0.061952,0.061952,0.061952,0.061952,0.061952,0.061952,0.061952,0.061952,0.061952,0.061952,0.061952,0.061952,0.061952,0.061952
0.576652,0.576652,0.576652,0.576652,0.576652,0.444916,0.444916,0.444916,0.444916,0.444916,0.349908,0.349908,0.349908,0.349908,0.349908,0.383124,0.383124,0.383124,0.383124,0.383124,0.399016,0.399016,0.399016,0.399016,0.399016,0.43816,0.43816,0.43816,0.43816,0.43816,0.41962,0.41962,0.41962,0.41962,0.41962,0.27826,0.27826,0.27826,0.27826,0.27826,0.169492,0.169492,0.169492,0.169492,0.169492,0.698012,0.698012,0.698012,0.698012,0.698012,0.154132,0.154132,0.154132,0.154132,0.154132,0.16684,0.16684,0.16684,0.16684,0.16684,0.147296,0.147296,0.147296,0.147296,0.147296,0.10222,0.10222,0.10222,0.10222,0.10222,0.081656,0.081656,0.081656,0.081656,0.081656,0.061952,0.061952,0.061952,0.061952,0.061952,0.061952,0.061952,0.061952,0.061952,0.061952,0.061952,0.061952,0.061952,0.061952,0.061952,0.061952,0.061952,0.061952,0.061952,0.061952,0.061952,0.061952,0.061952,0.061952,0.061952,0.061952
0.222596,0.222596,0.222596,0.222596,0.222596,0.346716,0.346716,0.346716,0.346716,0.346716,0.426736,0.426736,0.426736,0.426736,0.426736,0.213688,0.213688,0.213688,0.213688,0.213688,0.286704,0.286704,0.286704,0.286704,0.286704,0.213516,0.213516,0.213516,0.213516,0.213516,0.292408,0.292408,0.292408,0.292408,0.292408,0.249868,0.249868,0.249868,0.249868,0.249868,0.194104,0.194104,0.194104,0.194104,0.194104,0.454832,0.454832,0.454832,0.454832,0.454832,0.138864,0.138864,0.138864,0.138864,0.138864,0.11526,0.11526,0.11526,0.11526,0.11526,0.14328,0.14328,0.14328,0.14328,0.14328,0.117704,0.117704,0.117704,0.117704,0.117704,0.096576,0.096576,0.096576,0.096576,0.096576,0.073888,0.073888,0.073888,0.073888,0.073888,0.073888,0.073888,0.073888,0.073888,0.073888,0.073888,0.073888,0.073888,0.073888,0.073888,0.073888,0.073888,0.073888,0.073888,0.073888,0.073888,0.073888,0.073888,0.073888,0.073888,0.073888
0.222596,0.222596,0.222596,0.222596,0.222596,0.346716,0.346716,0.346716,0.346716,0.346716,0.426736,0.426736,0.426736,0.426736,0.426736,0.213688,0.213688,0.213688,0.213688,0.213688,0.286704,0.286704,0.286704,0.286704,0.286704,0.213516,0.213516,0.213516,0.213516,0.213516,0.292408,0.292408,0.292408,0.292408,0.292408,0.249868,0.249868,0.249868,0.249868,0.249868,0.194104,0.194104,0.194104,0.194104,0.194104,0.454832,0.454832,0.454832,0.454832,0.454832,0.138864,0.138864,0.138864,0.138864,0.138864,0.11526,0.11526,0.11526,0.11526,0.11526,0.14328,0.14328,0.14328,0.14328,0.14328,0.117704,0.117704,0.117704,0.117704,0.117704,0.096576,0.096576,0.096576,0.096576,0.096576,0.073888,0.073888,0.073888,0.073888,0.073888,0.073888,0.073888,0.073888,0.073888,0.073888,0.073888,0.073888,0.073888,0.073888,0.073888,0.073888,0.073888,0.073888,0.073888,0.073888,0.073888,0.073888,0.073888,0.073888,0.073888,0.073888
0.222596,0.222596,0.222596,0.222596,0.222596,0.346716,0.346716,0.346716,0.346716,0.346716,0.426736,0.426736,0.426736,0.426736,0.426736,0.213688,0.213688,0.213688,0.213688,0.213688,0.286704,0.286704,0.286704,0.286704,0.286704,0.213516,0.213516,0.213516,0.213516,0.213516,0.292408,0.292408,0.292408,0.292408,0.292408,0.249868,0.249868,0.249868,0.249868,0.249868,0.194104,0.194104,0.194104,0.194104,0.194104,0.454832,0.454832,0.454832,0.454832,0.454832,0.138864,0.138864,0.138864,0.138864,0.138864,0.11526,0.11526,0.11526,0.11526,0.11526,0.14328,0.14328,0.14328,0.14328,0.14328,0.117704,0.117704,0.117704,0.117704,0.117704,0.096576,0.096576,0.096576,0.096576,0.096576,0.073888,0.073888,0.073888,0.073888,0.073888,0.073888,0.073888,0.073888,0.073888,0.073888,0.073888,0.073888,0.073888,0.073888,0.073888,0.073888,0.073888,0.073888,0.073888,0.073888,0.073888,0.073888,0.073888,0.073888,0.073888,0.073888
0.222596,0.222596,0.222596,0.222596,0.222596,0.346716,0.346716,0.346716,0.346716,0.346716,0.426736,0.426736,0.426736,0.426736,0.426736,0.213688,0.213688,0.213688,0.213688,0.213688,0.286704,0.286704,0.286704,0.286704,0.286704,0.213516,0.213516,0.213516,0.213516,0.213516,0.292408,0.292408,0.292408,0.292408,0.292408,0.249868,0.249868,0.249868,0.249868,0.249868,0.194104,0.194104,0.194104,0.194104,0.194104,0.454832,0.454832,0.454832,0.454832,0.454832,0.138864,0.138864,0.138864,0.138864,0.138864,0.11526,0.11526,0.11526,0.11526,0.11526,0.14328,0.14328,0.14328,0.14328,0.14328,0.117704,0.117704,0.117704,0.117704,0.117704,0.096576,0.096576,0.096576,0.096576,0.096576,0.073888,0.073888,0.073888,0.073888,0.073888,0.073888,0.073888,0.073888,0.073888,0.073888,0.073888,0.073888,0.073888,0.073888,0.073888,0.073888,0.073888,0.073888,0.073888,0.073888,0.073888,0.073888,0.073888,0.073888,0.073888,0.073888
0.222596,0.222596,0.222596,0.222596,0.222596,0.346716,0.346716,0.346716,0.346716,0.346716,0.426736,0.426736,0.426736,0.426736,0.426736,0.213688,0.213688,0.213688,0.213688,0.213688,0.286704,0.286704,0.286704,0.286704,0.286704,0.213516,0.213516,0.213516,0.213516,0.213516,0.292408,0.292408,0.292408,0.292408,0.292408,0.249868,0.249868,0.249868,0.249868,0.249868,0.194104,0.194104,0.194104,0.194104,0.194104,0.454832,0.454832,0.454832,0.454832,0.454832,0.138864,0.138864,0.138864,0.138864,0.138864,0.11526,0.11526,0.11526,0.11526,0.11526,0.14328,0.14328,0.14328,0.14328,0.14328,0.117704,0.117704,0.117704,0.117704,0.117704,0.096576,0.096576,0.096576,0.096576,0.096576,0.073888,0.073888,0.073888,0.073888,0.073888,0.073888,0.073888,0.073888,0.073888,0.073888,0.073888,0.073888,0.073888,0.073888,0.073888,0.073888,0.073888,0.073888,0.073888,0.073888,0.073888,0.073888,0.073888,0.073888,0.073888,0.073888
0.38318,0.38318,0.38318,0.38318,0.38318,0.473712,0.473712,0.473712,0.473712,0.473712,0.46336,0.46336,0.46336,0.46336,0.46336,0.220664,0.220664,0.220664,0.220664,0.220664,0.218664,0.218664,0.218664,0.218664,0.218664,0.23786,0.23786,0.23786,0.23786,0.23786,0.29106,0.29106,0.29106,0.29106,0.29106,0.232244,0.232244,0.232244,0.232244,0.232244,0.215288,0.215288,0.215288,0.215288,0.215288,0.424176,0.424176,0.424176,0.424176,0.424176,0.184324,0.184324,0.184324,0.184324,0.184324,0.120672,0.120672,0.120672,0.120672,0.120672,0.09404,0.09404,0.09404,0.09404,0.09404,0.113832,0.113832,0.113832,0.113832,0.113832,0.095256,0.095256,0.095256,0.095256,0.095256,0.066556,0.066556,0.066556,0.066556,0.066556,0.066556,0.066556,0.066556,0.066556,0.066556,0.066556,0.066556,0.066556,0.066556,0.066556,0.066556,0.066556,0.066556,0.066556,0.066556,0.066556,0.066556,0.066556,0.066556,0.066556,0.066556
0.38318,0.38318,0.38318,0.38318,0.38318,0.473712,0.473712,0.473712,0.473712,0.473712,0.46336,0.46336,0.46336,0.46336,0.46336,0.220664,0.220664,0.220664,0.220664,0.220664,0.218664,0.218664,0.218664,0.218664,0.218664,0.23786,0.23786,0.23786,0.23786,0.23786,0.29106,0.29106,0.29106,0.29106,0.29106,0.232244,0.232244,0.232244,0.232244,0.232244,0.215288,0.215288,0.215288,0.215288,0.215288,0.424176,0.424176,0.424176,0.424176,0.424176,0.184324,0.184324,0.184324,0.184324,0.184324,0.120672,0.120672,0.120672,0.120672,0.120672,0.09404,0.09404,0.09404,0.09404,0.09404,0.113832,0.113832,0.113832,0.113832,0.113832,0.095256,0.095256,0.095256,0.095256,0.095256,0.066556,0.066556,0.066556,0.066556,0.066556,0.066556,0.066556,0.066556,0.066556,0.066556,0.066556,0.066556,0.066556,0.066556,0.066556,0.066556,0.066556,0.066556,0.066556,0.066556,0.066556,0.066556,0.066556,0.066556,0.066556,0.066556
0.38318,0.38318,0.38318,0.38318,0.38318,0.473712,0.473712,0.473712,0.473712,0.473712,0.46336,0.46336,0.46336,0.46336,0.46336,0.220664,0.220664,0.220664,0.220664,0.220664,0.218664,0.218664,0.218664,0.218664,0.218664,0.23786,0.23786,0.23786,0.23786,0.23786,0.29106,0.29106,0.29106,0.29106,0.29106,0.232244,0.232244,0.232244,0.232244,0.232244,0.215288,0.215288,0.215288,0.215288,0.215288,0.424176,0.424176,0.424176,0.424176,0.424176,0.184324,0.184324,0.184324,0.184324,0.184324,0.120672,0.120672,0.120672,0.120672,0.120672,0.09404,0.09404,0.09404,0.09404,0.09404,0.113832,0.113832,0.113832,0.113832,0.113832,0.095256,0.095256,0.095256,0.095256,0.095256,0.066556,0.066556,0.066556,0.066556,0.066556,0.066556,0.066556,0.066556,0.066556,0.066556,0.066556,0.066556,0.066556,0.066556,0.066556,0.066556,0.066556,0.066556,0.066556,0.066556,0.066556,0.066556,0.066556,0.066556,0.066556,0.066556
0.38318,0.38318,0.38318,0.38318,0.38318,0.473712,0.473712,0.473712,0.473712,0.473712,0.46336,0.46336,0.46336,0.46336,0.46336,0.220664,0.220664,0.220664,0.220664,0.220664,0.218664,0.218664,0.218664,0.218664,0.218664,0.23786,0.23786,0.23786,0.23786,0.23786,0.29106,0.29106,0.29106,0.29106,0.29106,0.232244,0.232244,0.232244,0.232244,0.232244,0.215288,0.215288,0.215288,0.215288,0.215288,0.424176,0.424176,0.424176,0.424176,0.424176,0.184324,0.184324,0.184324,0.184324,0.184324,0.120672,0.120672,0.120672,0.120672,0.120672,0.09404,0.09404,0.09404,0.09404,0.09404,0.113832,0.113832,0.113832,0.113832,0.113832,0.095256,0.095256,0.095256,0.095256,0.095256,0.066556,0.066556,0.066556,0.066556,0.066556,0.066556,0.066556,0.066556,0.066556,0.066556,0.066556,0.066556,0.066556,0.066556,0.066556,0.066556,0.066556,0.066556,0.066556,0.066556,0.066556,0.066556,0.066556,0.066556,0.066556,0.066556
0.38318,0.38318,0.38318,0.38318,0.38318,0.473712,0.473712,0.473712,0.473712,0.473712,0.46336,0.46336,0.46336,0.46336,0.46336,0.220664,0.220664,0.220664,0.220664,0.220664,0.218664,0.218664,0.218664,0.218664,0.218664,0.23786,0.23786,0.23786,0.23786,0.23786,0.29106,0.29106,0.29106,0.29106,0.29106,0.232244,0.232244,0.232244,0.232244,0.232244,0.215288,0.215288,0.215288,0.215288,0.215288,0.424176,0.424176,0.424176,0.424176,0.424176,0.184324,0.184324,0.184324,0.184324,0.184324,0.120672,0.120672,0.120672,0.120672,0.120672,0.09404,0.09404,0.09404,0.09404,0.09404,0.113832,0.113832,0.113832,0.113832,0.113832,0.095256,0.095256,0.095256,0.095256,0.095256,0.066556,0.066556,0.066556,0.066556,0.066556,0.066556,0.066556,0.066556,0.066556,0.066556,0.066556,0.066556,0.066556,0.066556,0.066556,0.066556,0.066556,0.066556,0.066556,0.066556,0.066556,0.066556,0.066556,0.066556,0.066556,0.066556
0.38318,0.38318,0.38318,0.38318,0.38318,0.473712,0.473712,0.473712,0.473712,0.473712,0.46336,0.46336,0.46336,0.46336,0.46336,0.220664,0.220664,0.220664,0.220664,0.220664,0.218664,0.218664,0.218664,0.218664,0.218664,0.23786,0.23786,0.23786,0.23786,0.23786,0.29106,0.29106,0.29106,0.29106,0.29106,0.232244,0.232244,0.232244,0.232244,0.232244,0.215288,0.215288,0.215288,0.215288,0.215288,0.424176,0.424176,0.424176,0.424176,0.424176,0.184324,0.184324,0.184324,0.184324,0.184324,0.120672,0.120672,0.120672,0.120672,0.120672,0.09404,0.09404,0.09404,0.09404,0.09404,0.113832,0.113832,0.113832,0.113832,0.113832,0.095256,0.095256,0.095256,0.095256,0.095256,0.066556,0.066556,0.066556,0.066556,0.066556,0.066556,0.066556,0.066556,0.066556,0.066556,0.066556,0.066556,0.066556,0.066556,0.066556,0.066556,0.066556,0.066556,0.066556,0.066556,0.066556,0.066556,0.066556,0.066556,0.066556,0.066556
0.38318,0.38318,0.38318,0.38318,0.38318,0.473712,0.473712,0.473712,0.473712,0.473712,0.46336,0.46336,0.46336,0.46336,0.46336,0.220664,0.220664,0.220664,0.220664,0.220664,0.218664,0.218664,0.218664,0.218664,0.218664,0.23786,0.23786,0.23786,0.23786,0.23786,0.29106,0.29106,0.29106,0.29106,0.29106,0.232244,0.232244,0.232244,0.232244,0.232244,0.215288,0.215288,0.215288,0.215288,0.215288,0.424176,0.424176,0.424176,0.424176,0.424176,0.184324,0.184324,0.184324,0.184324,0.184324,0.120672,0.120672,0.120672,0.120672,0.120672,0.09404,0.09404,0.09404,0.09404,0.09404,0.113832,0.113832,0.113832,0.113832,0.113832,0.095256,0.095256,0.095256,0.095256,0.095256,0.066556,0.066556,0.066556,0.066556,0.066556,0.066556,0.066556,0.066556,0.066556,0.066556,0.066556,0.066556,0.066556,0.066556,0.066556,0.066556,0.066556,0.066556,0.066556,0.066556,0.066556,0.066556,0.066556,0.066556,0.066556,0.066556
0.38318,0.38318,0.38318,0.38318,0.38318,0.473712,0.473712,0.473712,0.473712,0.473712,0.46336,0.46336,0.46336,0.46336,0.46336,0.220664,0.220664,0.220664,0.220664,0.220664,0.218664,0.218664,0.218664,0.218664,0.218664,0.23786,0.23786,0.23786,0.23786,0.23786,0.29106,0.29106,0.29106,0.29106,0.29106,0.232244,0.232244,0.232244,0.232244,0.232244,0.215288,0.215288,0.215288,0.215288,0.215288,0.424176,0.424176,0.424176,0.424176,0.424176,0.184324,0.184324,0.184324,0.184324,0.184324,0.120672,0.120672,0.120672,0.120672,0.120672,0.09404,0.09404,0.09404,0.09404,0.09404,0.113832,0.113832,0.113832,0.113832,0.113832,0.095256,0.095256,0.095256,0.095256,0.095256,0.066556,0.066556,0.066556,0.066556,0.066556,0.066556,0.066556,0.066556,0.066556,0.066556,0.066556,0.066556,0.066556,0.066556,0.066556,0.066556,0.066556,0.066556,0.066556,0.066556,0.066556,0.066556,0.066556,0.066556,0.066556,0.066556
0.38318,0.38318,0.38318,0.38318,0.38318,0.473712,0.473712,0.473712,0.473712,0.473712,0.46336,0.46336,0.46336,0.46336,0.46336,0.220664,0.220664,0.220664,0.220664,0.220664,0.218664,0.218664,0.218664,0.218664,0.218664,0.23786,0.23786,0.23786,0.23786,0.23786,0.29106,0.29106,0.29106,0.29106,0.29106,0.232244,0.232244,0.232244,0.232244,0.232244,0.215288,0.215288,0.215288,0.215288,0.215288,0.424176,0.424176,0.424176,0.424176,0.424176,0.184324,0.184324,0.184324,0.184324,0.184324,0.120672,0.120672,0.120672,0.120672,0.120672,0.09404,0.09404,0.09404,0.09404,0.09404,0.113832,0.113832,0.113832,0.113832,0.113832,0.095256,0.095256,0.095256,0.095256,0.095256,0.066556,0.066556,0.066556,0.066556,0.066556,0.066556,0.066556,0.066556,0.066556,0.066556,0.066556,0.066556,0.066556,0.066556,0.066556,0.066556,0.066556,0.066556,0.066556,0.066556,0.066556,0.066556,0.066556,0.066556,0.066556,0.066556
0.38318,0.38318,0.38318,0.38318,0.38318,0.473712,0.473712,0.473712,0.473712,0.473712,0.46336,0.46336,0.46336,0.46336,0.46336,0.220664,0.220664,0.220664,0.220664,0.220664,0.218664,0.218664,0.218664,0.218664,0.218664,0.23786,0.23786,0.23786,0.23786,0.23786,0.29106,0.29106,0.29106,0.29106,0.29106,0.232244,0.232244,0.232244,0.232244,0.232244,0.215288,0.215288,0.215288,0.215288,0.215288,0.424176,0.424176,0.424176,0.424176,0.424176,0.184324,0.184324,0.184324,0.184324,0.184324,0.120672,0.120672,0.120672,0.120672,0.120672,0.09404,0.09404,0.09404,0.09404,0.09404,0.113832,0.113832,0.113832,0.113832,0.113832,0.095256,0.095256,0.095256,0.095256,0.095256,0.066556,0.066556,0.066556,0.066556,0.066556,0.066556,0.066556,0.066556,0.066556,0.066556,0.066556,0.066556,0.066556,0.066556,0.066556,0.066556,0.066556,0.066556,0.066556,0.066556,0.066556,0.066556,0.066556,0.066556,0.066556,0.066556
0.38318,0.38318,0.38318,0.38318,0.38318,0.473712,0.473712,0.473712,0.473712,0.473712,0.46336,0.46336,0.46336,0.46336,0.46336,0.220664,0.220664,0.220664,0.220664,0.220664,0.218664,0.218664,0.218664,0.218664,0.218664,0.23786,0.23786,0.23786,0.23786,0.23786,0.29106,0.29106,0.29106,0.29106,0.29106,0.232244,0.232244,0.232244,0.232244,0.232244,0.215288,0.215288,0.215288,0.215288,0.215288,0.424176,0.424176,0.424176,0.424176,0.424176,0.184324,0.184324,0.184324,0.184324,0.184324,0.120672,0.120672,0.120672,0.120672,0.120672,0.09404,0.09404,0.09404,0.09404,0.09404,0.113832,0.113832,0.113832,0.113832,0.113832,0.095256,0.095256,0.095256,0.095256,0.095256,0.066556,0.066556,0.066556,0.066556,0.066556,0.066556,0.066556,0.066556,0.066556,0.066556,0.066556,0.066556,0.066556,0.066556,0.066556,0.066556,0.066556,0.066556,0.066556,0.066556,0.066556,0.066556,0.066556,0.066556,0.066556,0.066556
0.38318,0.38318,0.38318,0.38318,0.38318,0.473712,0.473712,0.473712,0.473712,0.473712,0.46336,0.46336,0.46336,0.46336,0.46336,0.220664,0.220664,0.220664,0.220664,0.220664,0.218664,0.218664,0.218664,0.218664,0.218664,0.23786,0.23786,0.23786,0.23786,0.23786,0.29106,0.29106,0.29106,0.29106,0.29106,0.232244,0.232244,0.232244,0.232244,0.232244,0.215288,0.215288,0.215288,0.215288,0.215288,0.424176,0.424176,0.424176,0.424176,0.424176,0.184324,0.184324,0.184324,0.184324,0.184324,0.120672,0.120672,0.120672,0.120672,0.120672,0.09404,0.09404,0.09404,0.09404,0.09404,0.113832,0.113832,0.113832,0.113832,0.113832,0.095256,0.095256,0.095256,0.095256,0.095256,0.066556,0.066556,0.066556,0.066556,0.066556,0.066556,0.066556,0.066556,0.066556,0.066556,0.066556,0.066556,0.066556,0.066556,0.066556,0.066556,0.066556,0.066556,0.066556,0.066556,0.066556,0.066556,0.066556,0.066556,0.066556,0.066556
0.38318,0.38318,0.38318,0.38318,0.38318,0.473712,0.473712,0.473712,0.473712,0.473712,0.46336,0.46336,0.46336,0.46336,0.46336,0.220664,0.220664,0.220664,0.220664,0.220664,0.218664,0.218664,0.218664,0.218664,0.218664,0.23786,0.23786,0.23786,0.23786,0.23786,0.29106,0.29106,0.29106,0.29106,0.29106,0.232244,0.232244,0.232244,0.232244,0.232244,0.215288,0.215288,0.215288,0.215288,0.215288,0.424176,0.424176,0.424176,0.424176,0.424176,0.184324,0.184324,0.184324,0.184324,0.184324,0.120672,0.120672,0.120672,0.120672,0.120672,0.09404,0.09404,0.09404,0.09404,0.09404,0.113832,0.113832,0.113832,0.113832,0.113832,0.095256,0.095256,0.095256,0.095256,0.095256,0.066556,0.066556,0.066556,0.066556,0.066556,0.066556,0.066556,0.066556,0.066556,0.066556,0.066556,0.066556,0.066556,0.066556,0.066556,0.066556,0.066556,0.066556,0.066556,0.066556,0.066556,0.066556,0.066556,0.066556,0.066556,0.066556
0.38318,0.38318,0.38318,0.38318,0.38318,0.473712,0.473712,0.473712,0.473712,0.473712,0.46336,0.46336,0.46336,0.46336,0.46336,0.220664,0.220664,0.220664,0.220664,0.220664,0.218664,0.218664,0.218664,0.218664,0.218664,0.23786,0.23786,0.23786,0.23786,0.23786,0.29106,0.29106,0.29106,0.29106,0.29106,0.232244,0.232244,0.232244,0.232244,0.232244,0.215288,0.215288,0.215288,0.215288,0.215288,0.424176,0.424176,0.424176,0.424176,0.424176,0.184324,0.184324,0.184324,0.184324,0.184324,0.120672,0.120672,0.120672,0.120672,0.120672,0.09404,0.09404,0.09404,0.09404,0.09404,0.113832,0.113832,0.113832,0.113832,0.113832,0.095256,0.095256,0.095256,0.095256,0.095256,0.066556,0.066556,0.066556,0.066556,0.066556,0.066556,0.066556,0.066556,0.066556,0.066556,0.066556,0.066556,0.066556,0.066556,0.066556,0.066556,0.066556,0.066556,0.066556,0.066556,0.066556,0.066556,0.066556,0.066556,0.066556,0.066556
0.38318,0.38318,0.38318,0.38318,0.38318,0.473712,0.473712,0.473712,0.473712,0.473712,0.46336,0.46336,0.46336,0.46336,0.46336,0.220664,0.220664,0.220664,0.220664,0.220664,0.218664,0.218664,0.218664,0.218664,0.218664,0.23786,0.23786,0.23786,0.23786,0.23786,0.29106,0.29106,0.29106,0.29106,0.29106,0.232244,0.232244,0.232244,0.232244,0.232244,0.215288,0.215288,0.215288,0.215288,0.215288,0.424176,0.424176,0.424176,0.424176,0.424176,0.184324,0.184324,0.184324,0.184324,0.184324,0.120672,0.120672,0.120672,0.120672,0.120672,0.09404,0.09404,0.09404,0.09404,0.09404,0.113832,0.113832,0.113832,0.113832,0.113832,0.095256,0.095256,0.095256,0.095256,0.095256,0.066556,0.066556,0.066556,0.066556,0.066556,0.066556,0.066556,0.066556,0.066556,0.066556,0.066556,0.066556,0.066556,0.066556,0.066556,0.066556,0.066556,0.066556,0.066556,0.066556,0.066556,0.066556,0.066556,0.066556,0.066556,0.066556
0.38318,0.38318,0.38318,0.38318,0.38318,0.473712,0.473712,0.473712,0.473712,0.473712,0.46336,0.46336,0.46336,0.46336,0.46336,0.220664,0.220664,0.220664,0.220664,0.220664,0.218664,0.218664,0.218664,0.218664,0.218664,0.23786,0.23786,0.23786,0.23786,0.23786,0.29106,0.29106,0.29106,0.29106,0.29106,0.232244,0.232244,0.232244,0.232244,0.232244,0.215288,0.215288,0.215288,0.215288,0.215288,0.424176,0.424176,0.424176,0.424176,0.424176,0.184324,0.184324,0.184324,0.184324,0.184324,0.120672,0.120672,0.120672,0.120672,0.120672,0.09404,0.09404,0.09404,0.09404,0.09404,0.113832,0.113832,0.113832,0.113832,0.113832,0.095256,0.095256,0.095256,0.095256,0.095256,0.066556,0.066556,0.066556,0.066556,0.066556,0.066556,0.066556,0.066556,0.066556,0.066556,0.066556,0.066556,0.066556,0.066556,0.066556,0.066556,0.066556,0.066556,0.066556,0.066556,0.066556,0.066556,0.066556,0.066556,0.066556,0.066556
0.38318,0.38318,0.38318,0.38318,0.38318,0.473712,0.473712,0.473712,0.473712,0.473712,0.46336,0.46336,0.46336,0.46336,0.46336,0.220664,0.220664,0.220664,0.220664,0.220664,0.218664,0.218664,0.218664,0.218664,0.218664,0.23786,0.23786,0.23786,0.23786,0.23786,0.29106,0.29106,0.29106,0.29106,0.29106,0.232244,0.232244,0.232244,0.232244,0.232244,0.215288,0.215288,0.215288,0.215288,0.215288,0.424176,0.424176,0.424176,0.424176,0.424176,0.184324,0.184324,0.184324,0.184324,0.184324,0.120672,0.120672,0.120672,0.120672,0.120672,0.09404,0.09404,0.09404,0.09404,0.09404,0.113832,0.113832,0.113832,0.113832,0.113832,0.095256,0.095256,0.095256,0.095256,0.095256,0.066556,0.066556,0.066556,0.066556,0.066556,0.066556,0.066556,0.066556,0.066556,0.066556,0.066556,0.066556,0.066556,0.066556,0.066556,0.066556,0.066556,0.066556,0.066556,0.066556,0.066556,0.066556,0.066556,0.066556,0.066556,0.066556
0.38318,0.38318,0.38318,0.38318,0.38318,0.473712,0.473712,0.473712,0.473712,0.473712,0.46336,0.46336,0.46336,0.46336,0.46336,0.220664,0.220664,0.220664,0.220664,0.220664,0.218664,0.218664,0.218664,0.218664,0.218664,0.23786,0.23786,0.23786,0.23786,0.23786,0.29106,0.29106,0.29106,0.29106,0.29106,0.232244,0.232244,0.232244,0.232244,0.232244,0.215288,0.215288,0.215288,0.215288,0.215288,0.424176,0.424176,0.424176,0.424176,0.424176,0.184324,0.184324,0.184324,0.184324,0.184324,0.120672,0.120672,0.120672,0.120672,0.120672,0.09404,0.09404,0.09404,0.09404,0.09404,0.113832,0.113832,0.113832,0.113832,0.113832,0.095256,0.095256,0.095256,0.095256,0.095256,0.066556,0.066556,0.066556,0.066556,0.066556,0.066556,0.066556,0.066556,0.066556,0.066556,0.066556,0.066556,0.066556,0.066556,0.066556,0.066556,0.066556,0.066556,0.066556,0.066556,0.066556,0.066556,0.066556,0.066556,0.066556,0.066556
0.38318,0.38318,0.38318,0.38318,0.38318,0.473712,0.473712,0.473712,0.473712,0.473712,0.46336,0.46336,0.46336,0.46336,0.46336,0.220664,0.220664,0.220664,0.220664,0.220664,0.218664,0.218664,0.218664,0.218664,0.218664,0.23786,0.23786,0.23786,0.23786,0.23786,0.29106,0.29106,0.29106,0.29106,0.29106,0.232244,0.232244,0.232244,0.232244,0.232244,0.215288,0.215288,0.215288,0.215288,0.215288,0.424176,0.424176,0.424176,0.424176,0.424176,0.184324,0.184324,0.184324,0.184324,0.184324,0.120672,0.120672,0.120672,0.120672,0.120672,0.09404,0.09404,0.09404,0.09404,0.09404,0.113832,0.113832,0.113832,0.113832,0.113832,0.095256,0.095256,0.095256,0.095256,0.095256,0.066556,0.066556,0.066556,0.066556,0.066556,0.066556,0.066556,0.066556,0.066556,0.066556,0.066556,0.066556,0.066556,0.066556,0.066556,0.066556,0.066556,0.066556,0.066556,0.066556,0.066556,0.066556,0.066556,0.066556,0.066556,0.066556
0.38318,0.38318,0.38318,0.38318,0.38318,0.473712,0.473712,0.473712,0.473712,0.473712,0.46336,0.46336,0.46336,0.46336,0.46336,0.220664,0.220664,0.220664,0.220664,0.220664,0.218664,0.218664,0.218664,0.218664,0.218664,0.23786,0.23786,0.23786,0.23786,0.23786,0.29106,0.29106,0.29106,0.29106,0.29106,0.232244,0.232244,0.232244,0.232244,0.232244,0.215288,0.215288,0.215288,0.215288,0.215288,0.424176,0.424176,0.424176,0.424176,0.424176,0.184324,0.184324,0.184324,0.184324,0.184324,0.120672,0.120672,0.120672,0.120672,0.120672,0.09404,0.09404,0.09404,0.09404,0.09404,0.113832,0.113832,0.113832,0.113832,0.113832,0.095256,0.095256,0.095256,0.095256,0.095256,0.066556,0.066556,0.066556,0.066556,0.066556,0.066556,0.066556,0.066556,0.066556,0.066556,0.066556,0.066556,0.066556,0.066556,0.066556,0.066556,0.066556,0.066556,0.066556,0.066556,0.066556,0.066556,0.066556,0.066556,0.066556,0.066556
0.38318,0.38318,0.38318,0.38318,0.38318,0.473712,0.473712,0.473712,0.473712,0.473712,0.46336,0.46336,0.46336,0.46336,0.46336,0.220664,0.220664,0.220664,0.220664,0.220664,0.218664,0.218664,0.218664,0.218664,0.218664,0.23786,0.23786,0.23786,0.23786,0.23786,0.29106,0.29106,0.29106,0.29106,0.29106,0.232244,0.232244,0.232244,0.232244,0.232244,0.215288,0.215288,0.215288,0.215288,0.215288,0.424176,0.424176,0.424176,0.424176,0.424176,0.184324,0.184324,0.184324,0.184324,0.184324,0.120672,0.120672,0.120672,0.120672,0.120672,0.09404,0.09404,0.09404,0.09404,0.09404,0.113832,0.113832,0.113832,0.113832,0.113832,0.095256,0.095256,0.095256,0.095256,0.095256,0.066556,0.066556,0.066556,0.066556,0.066556,0.066556,0.066556,0.066556,0.066556,0.066556,0.066556,0.066556,0.066556,0.066556,0.066556,0.066556,0.066556,0.066556,0.066556,0.066556,0.066556,0.066556,0.066556,0.066556,0.066556,0.066556
0.38318,0.38318,0.38318,0.38318,0.38318,0.473712,0.473712,0.473712,0.473712,0.473712,0.46336,0.46336,0.46336,0.46336,0.46336,0.220664,0.220664,0.220664,0.220664,0.220664,0.218664,0.218664,0.218664,0.218664,0.218664,0.23786,0.23786,0.23786,0.23786,0.23786,0.29106,0.29106,0.29106,0.29106,0.29106,0.232244,0.232244,0.232244,0.232244,0.232244,0.215288,0.215288,0.215288,0.215288,0.215288,0.424176,0.424176,0.424176,0.424176,0.424176,0.184324,0.184324,0.184324,0.184324,0.184324,0.120672,0.120672,0.120672,0.120672,0.120672,0.09404,0.09404,0.09404,0.09404,0.09404,0.113832,0.113832,0.113832,0.113832,0.113832,0.095256,0.095256,0.095256,0.095256,0.095256,0.066556,0.066556,0.066556,0.066556,0.066556,0.066556,0.066556,0.066556,0.066556,0.066556,0.066556,0.066556,0.066556,0.066556,0.066556,0.066556,0.066556,0.066556,0.066556,0.066556,0.066556,0.066556,0.066556,0.066556,0.066556,0.066556
0.38318,0.38318,0.38318,0.38318,0.38318,0.473712,0.473712,0.473712,0.473712,0.473712,0.46336,0.46336,0.46336,0.46336,0.46336,0.220664,0.220664,0.220664,0.220664,0.220664,0.218664,0.218664,0.218664,0.218664,0.218664,0.23786,0.23786,0.23786,0.23786,0.23786,0.29106,0.29106,0.29106,0.29106,0.29106,0.232244,0.232244,0.232244,0.232244,0.232244,0.215288,0.215288,0.215288,0.215288,0.215288,0.424176,0.424176,0.424176,0.424176,0.424176,0.184324,0.184324,0.184324,0.184324,0.184324,0.120672,0.120672,0.120672,0.120672,0.120672,0.09404,0.09404,0.09404,0.09404,0.09404,0.113832,0.113832,0.113832,0.113832,0.113832,0.095256,0.095256,0.095256,0.095256,0.095256,0.066556,0.066556,0.066556,0.066556,0.066556,0.066556,0.066556,0.066556,0.066556,0.066556,0.066556,0.066556,0.066556,0.066556,0.066556,0.066556,0.066556,0.066556,0.066556,0.066556,0.066556,0.066556,0.066556,0.066556,0.066556,0.066556
0.38318,0.38318,0.38318,0.38318,0.38318,0.473712,0.473712,0.473712,0.473712,0.473712,0.46336,0.46336,0.46336,0.46336,0.46336,0.220664,0.220664,0.220664,0.220664,0.220664,0.218664,0.218664,0.218664,0.218664,0.218664,0.23786,0.23786,0.23786,0.23786,0.23786,0.29106,0.29106,0.29106,0.29106,0.29106,0.232244,0.232244,0.232244,0.232244,0.232244,0.215288,0.215288,0.215288,0.215288,0.215288,0.424176,0.424176,0.424176,0.424176,0.424176,0.184324,0.184324,0.184324,0.184324,0.184324,0.120672,0.120672,0.120672,0.120672,0.120672,0.09404,0.09404,0.09404,0.09404,0.09404,0.113832,0.113832,0.113832,0.113832,0.113832,0.095256,0.095256,0.095256,0.095256,0.095256,0.066556,0.066556,0.066556,0.066556,0.066556,0.066556,0.066556,0.066556,0.066556,0.066556,0.066556,0.066556,0.066556,0.066556,0.066556,0.066556,0.066556,0.066556,0.066556,0.066556,0.066556,0.066556,0.066556,0.066556,0.066556,0.066556
0.38318,0.38318,0.38318,0.38318,0.38318,0.473712,0.473712,0.473712,0.473712,0.473712,0.46336,0.46336,0.46336,0.46336,0.46336,0.220664,0.220664,0.220664,0.220664,0.220664,0.218664,0.218664,0.218664,0.218664,0.218664,0.23786,0.23786,0.23786,0.23786,0.23786,0.29106,0.29106,0.29106,0.29106,0.29106,0.232244,0.232244,0.232244,0.232244,0.232244,0.215288,0.215288,0.215288,0.215288,0.215288,0.424176,0.424176,0.424176,0.424176,0.424176,0.184324,0.184324,0.184324,0.184324,0.184324,0.120672,0.120672,0.120672,0.120672,0.120672,0.09404,0.09404,0.09404,0.09404,0.09404,0.113832,0.113832,0.113832,0.113832,0.113832,0.095256,0.095256,0.095256,0.095256,0.095256,0.066556,0.066556,0.066556,0.066556,0.066556,0.066556,0.066556,0.066556,0.066556,0.066556,0.066556,0.066556,0.066556,0.066556,0.066556,0.066556,0.066556,0.066556,0.066556,0.066556,0.066556,0.066556,0.066556,0.066556,0.066556,0.066556
0.38318,0.38318,0.38318,0.38318,0.38318,0.473712,0.473712,0.473712,0.473712,0.473712,0.46336,0.46336,0.46336,0.46336,0.46336,0.220664,0.220664,0.220664,0.220664,0.220664,0.218664,0.218664,0.218664,0.218664,0.218664,0.23786,0.23786,0.23786,0.23786,0.23786,0.29106,0.29106,0.29106,0.29106,0.29106,0.232244,0.232244,0.232244,0.232244,0.232244,0.215288,0.215288,0.215288,0.215288,0.215288,0.424176,0.424176,0.424176,0.424176,0.424176,0.184324,0.184324,0.184324,0.184324,0.184324,0.120672,0.120672,0.120672,0.120672,0.120672,0.09404,0.09404,0.09404,0.09404,0.09404,0.113832,0.113832,0.113832,0.113832,0.113832,0.095256,0.095256,0.095256,0.095256,0.095256,0.066556,0.066556,0.066556,0.066556,0.066556,0.066556,0.066556,0.066556,0.066556,0.066556,0.066556,0.066556,0.066556,0.066556,0.066556,0.066556,0.066556,0.066556,0.066556,0.066556,0.066556,0.066556,0.066556,0.066556,0.066556,0.066556
